#,.\video\forehand_drop_shot\full_step_front_position.wmv,1080,1440,634,126,5
1.9642,0.6824,2.9442,1.2074,-0.9627,-3.5458,3.4380,13.7827,-1.7409,0.9622,-1.6440,25.9216,1.0062,-0.0349,0.0529,-0.3650,14.5027,0.0571,-1.7385,-2.4027,0.5982,-1.7320,516.6245,-0.0340,-0.7934,0.8586,-0.1374,-39.6253,4.1527,-33.7767,6.9871,0.7986,0.3988,2.6087,-1.6454,90.91410499756977,58.26982419585981,135.60594381004645,148.60039770635598,5.640258411768115,4.038907444103173,178.26480756932816,160.10048833451884,168.66992838197328,165.69593109276363
1.3573,0.2675,2.3564,1.1386,-1.0407,-3.3184,3.2619,14.1633,-2.0671,0.8722,-0.2064,15.6453,0.5064,-0.1049,-0.0931,-0.3313,17.6496,-0.0646,-2.3127,-0.5167,0.6689,-2.0304,25.7430,-0.0222,-0.7487,0.8135,-0.4445,-38.3987,4.1535,-349.9530,101.4818,0.8456,0.2809,2.7303,-0.9260,107.000067818623,83.5796466203847,136.3069186749492,130.57630325282764,3.406552535464837,1.814092616707389,179.58563215356116,159.19116023564987,170.12039755466222,164.72161215209766
1.6526,-0.4982,1.5899,0.8692,-1.6741,-3.3426,4.0364,18.4630,-2.9349,0.6660,-0.2414,12.1583,-0.2191,-0.1759,-0.1140,-0.7750,19.7698,-0.1161,-2.6819,-0.8945,0.1991,-2.4898,86.7263,-0.1141,-0.8852,0.9330,-1.3200,-71.5240,3.7689,20.3093,18.1168,0.3037,0.2579,2.9667,-1.1746,133.2107991314511,71.58719331961136,146.32898613627387,138.93104893727565,0.07679203307406116,2.4396317179241587,178.19379729397687,160.24408319469742,169.84211900958596,164.14535442688347
6.7648,-5.4088,-1.4727,-0.4725,-4.2325,3.4649,-1.5669,-66.4815,1.2679,-0.5405,-3.0841,-20.0785,-6.6027,0.0333,0.0376,0.3984,21.0406,-0.2302,2.8109,0.0421,-0.7328,1.0914,0.9760,1.5681,3.9473,-8.6384,-10.1481,27.8137,-4.3412,-1.1313,2.6697,-0.8583,-0.0736,-2.1976,-1.9381,175.31877937418116,144.2991692045313,28.18128958625352,72.98887861279711,44.195686213972905,46.55859000697869,174.42771035242492,163.03959190443854,169.87950211020805,165.9604549866594
3.6281,-2.8705,0.2653,-0.4827,-3.4881,8.4454,-0.8720,12.2609,1.0567,-0.4720,-1.4066,10.7264,-1.8363,-0.2075,-0.1938,0.3502,7.8245,-0.2407,3.0062,-0.0439,0.5368,1.3213,-0.0379,2.3372,5.4619,16.7272,-4.2292,-32.4261,-2.2649,-34.5896,1.4275,0.9747,0.1496,-2.8383,-1.9765,167.42578183270837,137.7532519845736,165.6590808005508,119.00836587084899,171.060923886599,87.50870724461659,178.0430872363089,177.90993495202176,150.85103406692068,171.4808161622385
4.5350,-2.1243,0.3749,-1.1223,-21.4808,12.2965,-0.4050,16.0747,1.0194,-1.0013,-31.8635,6.1973,-12.9336,-0.0772,-0.0831,0.3602,11.1947,-0.0823,2.9109,0.1645,2.1380,1.5332,-7.1117,2.6844,7.4974,-19.6278,8.4850,-11.6581,-2.2458,13.5384,3.4923,2.8745,0.1178,-2.7840,-91.1357,178.24418621781885,166.93626304661782,173.1102146549706,172.62455685420193,179.11985916660134,168.4361302842911,175.93831326283774,178.91046065306583,146.83184125704454,170.44803833858379
0.8524,4.4229,1.9507,-1.5647,15.7514,12.3938,-0.0973,17.7580,0.9874,-1.2860,4.1543,5.8649,84.5156,-0.3961,-0.4384,0.3707,8.4622,-0.0313,2.3992,-0.2130,0.3226,0.9192,-18.2612,3.4005,89.2864,1.8575,4.0242,-6.2081,-2.1119,5.0924,0.0630,0.3543,0.1467,-1.3556,-12.6703,177.04527287275363,125.93016182438578,172.522859260443,178.62175079463682,175.6297642238817,173.6424913021936,177.06331631668576,178.6101339135009,144.9858068701275,166.23651413503572
-0.6477,1.6085,6.8430,-3.6516,3.6428,47.2457,-3.5307,8.7922,1.1293,-3.3069,0.7563,-8.1587,5.1106,-1.2753,-1.3579,0.4288,7.7288,-0.1320,0.7936,-0.9069,0.5491,0.2442,-1.7779,2.8874,6.0308,0.3158,1.3176,-6.7919,-3.5731,73.3384,6.3595,0.9733,-0.4179,-2.0906,3.2886,175.7209001898206,73.98069378280951,14.569270378860343,133.7304492761619,6.591123271988325,144.15519942112815,165.6398608779024,174.72375606957934,171.3527114704249,170.41175329195312
6.6885,-1.3715,3.0558,-77.4545,-0.6130,19.9539,1.6832,15.3878,2.3560,-2.6901,-8.0219,-11.6123,-2.1738,-0.7148,-0.7285,0.9727,4.1747,-0.0669,3.7154,-0.2900,-0.0079,0.5680,-1.4453,-1.8092,-4.8397,18.3646,-0.3802,-5.9793,-15.1470,10.5763,0.6320,0.3540,-0.6585,-1.5126,-4.6880,146.21206356938177,159.45537511114833,63.89272909555896,157.36270592982515,8.069464335588975,141.60314193060316,161.60730336237702,179.1507704102839,178.85525061283892,167.63648165201067
-0.3489,-1.3524,43.1289,5.0303,-0.9526,7.2027,1.3654,19.4277,5.5817,-2.3855,-2.7142,-10.2494,-2.0147,-0.4255,-0.5252,3.0534,4.9001,-0.1370,-6.4262,-0.2406,-0.1846,1.2957,1.6424,-1.1754,-3.1086,-0.7282,-0.0818,-181.0968,25.8047,21.8291,1.0025,-0.1976,-0.5270,-1.1474,-2.0668,160.00676583320998,135.05212478982065,49.01356471978003,122.84491629208026,8.911544282848144,28.389170129673392,162.89303043287558,175.04238442618419,172.20823566541316,171.7794302591465
-0.4460,-1.5657,23.6557,1.3200,-0.0969,6.8680,1.3023,22.6960,5.5307,-2.4385,-2.0639,-9.0751,-2.4542,-0.1391,-0.2485,3.0641,5.3445,-0.1403,-2.0042,-0.2363,-0.0781,1.8840,12.2639,-0.9355,-2.2577,-0.7163,0.1099,5.2816,30.1431,-22.8788,1.2500,-0.0635,-0.2460,-5.5198,-1.8683,117.70138340546103,142.19664593340892,81.9651594977574,147.18018672711545,13.100712558737929,2.138750610746484,163.1139037794436,174.23863830498604,171.8117955094533,177.56295590443713
-0.1475,-1.3963,-6.7459,1.1758,0.3280,21.6842,1.2448,99.5310,22.9312,-2.5944,-1.9864,-5.4286,-1.8176,-0.0435,-0.0482,15.8770,6.1409,-0.0349,-3.0295,0.0640,-0.0043,2.3100,6.0398,-1.1250,-2.3711,-0.4149,0.7566,6.7420,-14.5086,-7.4450,1.1667,-0.0005,-0.0633,705.0256,-1.7306,100.6609072077079,128.4120677193044,100.50790024962612,140.57840980745456,16.89902498679925,8.82544468085896,160.31352215228299,177.9352316137623,173.5053588700692,174.20352598659747
-0.7941,-1.5861,-11.7022,1.0774,-7.6155,51.5371,1.3999,-47.5013,154.1715,-2.5418,-5.9883,-6.3115,-2.0724,-0.1132,-0.1515,16.8223,9.6220,0.0383,-2.1243,-0.0120,0.0078,2.6569,3.1939,-1.1477,-2.3171,-1.3371,6.1990,13.5373,64.3339,-13.4418,0.6481,0.1029,-0.1258,-8.2938,-3.0039,18.278383892390977,146.86475612531794,176.77387649866012,144.20204783365708,10.188053705605002,18.591199809054,165.0634818585831,177.68238483776003,170.10634464834553,176.8868298726922
-0.8880,-0.5074,-41.0096,1.1076,1.2432,25.6685,1.8334,-32.5992,-20.0392,-1.1252,-4.6299,38.5794,-1.6156,-0.0251,-0.0541,-215.3213,7.8119,-0.0750,-2.9846,-0.0078,-0.0425,2.6385,2.9046,-2.4567,-6.4729,-1.5348,2.1572,-87.2571,7.4236,-9.4739,0.9117,-0.0205,-0.1214,-5.3297,-8.6069,70.57014742254226,138.23210572480875,135.16123798622732,154.37490322546844,13.320175847289338,20.75489070959785,174.19009197849428,176.01195764746458,173.81288813968595,177.1123849838506
-1.5627,0.4403,-3.3168,1.7292,1.1909,8.3303,1.5752,-47.3833,3.0038,-0.7661,13.5745,-144.6730,-0.0339,-0.0661,-0.0100,1.1841,7.1310,-0.0947,-3.6165,-0.0215,0.0085,2.1840,3.6633,-1.6575,-4.1359,-8.7331,1.9696,81.9924,8.8056,-5.3178,1.6120,-0.0440,-0.0249,-1.8483,10.0608,128.0802155598225,141.70703790386423,129.32934652515888,170.40803841857888,18.632630184029303,16.47731017304442,171.6212597867263,171.94573328038146,173.12501791580576,173.85351148916521
-10.4866,-2.2478,-31.5320,1.6618,-0.4850,9.7302,1.8572,-21.9874,6.1129,-1.1394,9.3958,-18.4999,-2.1087,-0.0261,-0.0992,1.7938,7.7032,-0.0473,-3.2743,0.0318,0.0633,2.4201,5.6206,-1.7087,-4.1129,6.4413,0.1077,39.5003,13.2441,-5.3759,-19.0791,0.1324,-0.0218,-2.0503,5.2143,141.2453850553492,163.6963047548914,53.58864257219275,179.23180676492274,17.933981947231796,12.692321061506016,169.50936635692955,171.52808147194727,172.5879770302559,175.58233256363377
-5.7747,-3.4998,-14.9513,2.4022,-0.8695,11.9593,1.3738,-18.4819,6.7769,-1.0826,3.9334,-11.0812,-3.0507,0.0479,0.0300,1.8013,9.5621,0.0105,-2.8542,0.0485,0.0377,2.7800,4.4882,-1.9306,-4.2298,2.5280,1.4132,84.1992,17.5908,-5.8269,-8.6495,0.0218,-0.0325,-1.8380,3.2248,149.15507811198637,152.9470817807887,39.255645887548994,175.33215679952292,15.708379945336363,15.657730680172214,168.87318883443825,172.12315607851102,171.58980255128287,175.90067900661407
-4.7382,-2.4360,-6.2410,3.3193,-1.6928,13.1924,1.5204,-21.1132,5.6433,-0.5828,2.6109,-10.8298,-2.4546,0.1159,0.1009,1.6545,9.4606,0.0028,-3.7179,0.0937,0.0313,3.2300,3.5392,-1.2219,-2.6515,3.3588,-1.2668,57.3684,-47.7215,-5.2387,1.6435,-0.0105,-0.0911,-1.9775,1.9357,171.59375976703492,140.76120649813436,19.765069218865452,168.45604787168799,16.84096049993592,18.4891342498983,168.6905206872404,172.9534870171173,175.92485032157037,176.66383651014365
3.0141,-4.1057,34.0111,-17.2036,-2.5835,9.1528,1.6817,-31.8205,5.0425,-0.5110,0.8494,-13.9919,-3.4416,0.2168,0.0938,1.7722,7.7879,-0.0560,-3.8202,0.0906,0.1332,2.9861,3.1776,-1.2357,-2.8220,0.3259,-2.3037,26.0080,-2986.4813,-5.5252,1.3591,0.1405,-0.0596,-2.0519,0.9271,175.0416705940651,28.811339354275244,10.901300823424446,150.30294990464031,17.57582719246506,19.268683645131023,168.59502109327275,171.9648221788327,175.93121786994234,175.96674006632324
2.2776,-4.5580,-6.8593,-8.7463,-2.9796,8.9219,1.7219,-38.0955,4.9009,-0.4608,0.6343,-17.3870,-3.2288,0.2577,0.1451,1.7478,7.9560,-0.1063,-6.4995,0.0948,0.1044,2.6609,2.8353,-1.1829,-2.7512,0.2061,-3.8709,19.1641,52.3415,-4.2157,1.0586,0.0920,-0.0585,-2.1243,0.5509,178.6558991575891,37.44573721055787,5.208316267217345,138.27746427163925,20.508388590964827,20.93114924688011,169.54425552207786,172.10112948667853,175.6137898220921,176.59183006645432
2.0249,-4.0929,-7.2923,1.8142,-2.9536,9.2207,1.6084,-19.1112,5.7874,-0.6027,0.8360,-19.0810,-3.2414,0.1485,0.0919,1.6812,8.9399,-0.0815,-3.1664,0.0773,0.0812,3.1777,2.3399,-1.1148,-2.5537,0.0442,-3.1594,17.7069,251.9833,-3.6294,1.6260,0.0860,-0.0630,-1.9938,0.4416,178.4410317370718,39.89000482663726,3.300108634062944,136.96789143370785,21.786966314079333,26.13521049042294,170.61749993301743,170.8150948259671,176.77260436476124,177.04275124988757
2.0165,-4.2778,-4.5833,1.6161,-2.4506,11.1261,1.5853,-13.2195,6.1487,-1.1258,2.8678,-13.1102,-2.8788,0.1058,0.0490,1.6660,9.5987,-0.0169,-2.5288,-0.0117,0.1029,3.2915,2.1857,-1.1082,-2.5503,2.6334,-4.1576,42.6652,-45.2649,-3.0012,1.9281,0.0892,-0.0546,-1.9389,4.8898,176.95712636753467,165.1810746146912,3.770831333494438,13.027337900146282,24.375530641078907,28.91137583598469,169.69047684992418,170.53816594317692,176.90371501887606,176.206799831752
2.6710,-4.8753,-4.9704,1.5908,-2.6340,11.7531,1.5784,-14.2330,6.2214,-1.3762,-1.5579,-10.3562,-3.1188,0.0642,-0.0297,1.6305,8.8674,0.0026,-2.9249,0.0094,0.0876,3.2998,1.4982,-1.1368,-2.5800,13.0217,-4.8482,87.3546,-40.8495,-2.7725,2.0976,0.1521,-0.0521,-1.9333,-2.7216,176.98865069881006,139.30002251108388,0.9557871873352678,53.896626241813095,26.267771042472983,37.740755949762175,168.0503629434041,171.11781478719038,175.8869123363087,175.79262781121184
4.4314,-5.2145,-2.5972,1.7682,-3.0914,11.4411,2.2198,-14.3955,6.3498,-1.3035,-1.6821,-9.0358,-3.1698,0.0604,-0.0389,1.7545,8.8801,-0.0005,-3.1670,0.0309,0.0848,3.1083,1.3325,-2.6580,-5.6497,-36.5789,-6.1050,74.6277,-14.7486,-2.5391,0.8184,0.1328,-0.0163,-2.0548,-2.0949,179.58397001385788,141.76636381762594,3.571024669070602,62.404345582286126,27.921437577933048,40.86100605654754,167.2596912936932,171.03109211900144,177.5636443304814,175.77253338516724
19.8794,-5.0874,-1.3031,-3.7935,-3.5604,6.9999,-2.9982,91.4688,4.0507,-1.2597,-4.2669,-10.1601,-2.8689,-0.3299,-0.3738,1.4017,6.1094,-0.0946,37.0065,-0.0297,0.0758,1.1129,1.0378,6.6890,10.2741,-17.1134,-8.1417,22.1298,-3.9582,-2.3086,2.0265,0.1424,-0.0357,-2.3292,-1.9604,176.47112697459568,150.09364953344408,7.732469824165144,70.96418557903822,32.716581801261334,43.31120848927383,165.08287921640255,172.49618257888673,171.44263165393238,174.45713382770344
-24.1639,-3.0591,-1.8669,-2.8825,-3.0267,5.0666,-8.8385,93.5035,0.7415,-1.1421,-3.7305,33.0125,-2.3202,-0.1411,-0.2074,-0.1384,10.4756,-0.1296,-37.4492,0.0213,0.1102,1.5927,1.5026,4.5085,7.0850,-6.6328,-3.4243,5.7764,-7.5408,-1.4151,1.1845,0.2199,0.0916,-3.6375,-2.1657,174.96733729059758,157.58470563434523,16.96336922046277,58.42927255734688,40.699681025242676,33.031454720637264,176.28212020457843,169.44780534685808,170.7109393762811,178.65662164669132
19.7915,-2.3314,-1.1259,-5.8750,-3.2926,11.4995,-5.3519,123.4323,2.5537,-1.4871,-6.1518,94.8817,-1.8614,-0.2870,-0.3420,0.9978,12.1639,-0.0801,-20.1465,-0.1593,-0.0767,1.4426,1.9509,2.0620,3.5089,-9.7280,-2.8121,-13.5238,-32.3390,-1.8370,2.0273,-0.0136,0.0722,-1.2220,-2.4618,168.64878554404527,155.00016625719684,11.66799220287715,49.2463652237913,33.261962277231106,26.67486578695511,175.90408454835637,175.4942351117098,177.62499763940903,170.8010784804029
-2.6890,-2.6520,-1.2215,-0.4454,-4.4965,19.0606,-3.8676,146.0604,3.8459,-1.0186,2.4018,16.9134,-2.0214,0.6196,0.5714,1.2986,14.9270,-0.3166,11.6201,-0.1587,0.3779,3.8340,86.1211,1.7178,3.4340,-4.0510,-3.4024,-2.9176,-9.9268,-0.6598,-1.9076,-11.7590,-0.3677,-0.6846,-3.4373,166.21632443715058,175.82142964639002,44.04445645720686,16.886422479729813,60.41531321790125,0.272994884086574,179.55098764485857,177.38904005701613,170.8639006113605,158.07776817740213
-14.8396,-2.4453,-0.5503,-1.4392,-4.7007,-57.2696,-2.9729,44.5092,3.2714,-1.3692,5.4139,8.8119,-1.8847,-0.1938,-0.1092,1.6610,13.0327,-0.4352,3.1792,0.0088,4.2354,2.0312,-2.9893,1.4266,2.9907,15.2382,-3.2089,-2.2992,-11.6686,1.2239,-1.0882,0.8118,-0.1497,-0.2185,235.0111,164.0596982660686,175.90102066599167,128.74014593710677,161.25962198702422,145.13761416898475,160.21635887258594,177.9132935713871,177.71258340448284,168.6273063264396,157.49451650831622
-2.1645,7.7678,-2.2386,-1.5113,-15.9093,-115.9734,-2.3865,-1087.0311,2.6016,-1.5903,54.0022,4.9783,-13.4692,-0.5667,-0.5063,0.9426,41.7059,-0.6340,1.7562,-0.3219,-1.1575,1.2130,10.5764,0.6202,1.6950,-1.7314,3.3755,-2.9740,-11.8134,-0.7617,-5.7268,-0.7990,0.2706,-1.1789,-0.3181,179.35061925301676,132.44059958957607,49.10719379595412,77.75748003139542,54.077405685948406,5.453999712217974,170.01558836013427,179.55867837414414,163.80352071707827,161.9089119494558
-1.4982,4.9352,1.0803,-1.5740,-8.2883,415.5827,-0.6522,21.1434,1.1038,-1.5897,1.8271,27.6216,53.8921,-0.4526,-0.4895,0.3978,17.6348,0.0198,1.5916,-0.6731,-0.6670,1.1608,3.5958,2.0769,5.7684,3.5001,4.0070,-3.0237,-1.8392,0.7094,0.4453,-0.4615,0.7293,-1.1299,-78.7999,172.05733917413755,147.00596381010214,118.47388417137384,163.73144720746345,128.5990600126493,167.16635788612666,178.82785540567554,177.4300235711328,149.39276191984203,161.5620920671439
0.0365,3.0820,-0.9200,62.2436,1.7303,75.0205,-3.3178,16.0045,4.5747,-2.7156,1.5828,-9.8593,2.7247,-0.6995,-0.8574,1.6326,7.1032,0.0399,2.5060,-0.4516,-0.0766,0.4609,-1.1471,6.8762,17.1043,0.8480,7.6836,-3.9961,-3.4467,71.1049,-2.5598,-0.0157,-0.1607,-0.5845,1.4801,170.12886947237163,126.13541619853385,150.78059720552488,104.87400502653435,7.20778396075034,135.34329028272816,166.19491074689518,177.18835520497953,169.6121839162087,165.18707163586598
-17.7860,-1.1071,40.7248,-3.9405,-0.4401,10.8692,2.0156,18.4492,41.0063,-1.5701,-3.3535,-10.6466,-1.2183,-0.4864,-0.5233,4.8847,4.6652,-0.1312,3.8125,-0.5094,-0.4276,0.6826,-0.8241,-4.1613,-10.6044,-6.2346,-0.3049,-4.2576,-22.4336,15.0604,0.1084,-0.3929,-0.8432,-1.3242,-1.8661,153.13312440496847,155.03210984640043,70.04653015875937,157.67690503102352,8.299574359541452,126.38844821736016,162.53576616413855,177.84596262631925,177.18648789659255,161.52580961644136
0.0796,-3.1642,2.7119,-17.3339,-0.7774,6.1050,1.4283,19.2855,12.5724,-1.8130,-0.5483,-8.7422,-4.6307,-0.3452,-0.4424,4.4968,4.6053,-0.1768,-11.1286,-0.2589,-0.0495,1.1003,6.5579,-1.2232,-2.7053,-0.0738,-0.8197,-10.1407,13.5842,7.1960,1.8080,-0.0168,-0.3983,-0.8493,-0.7677,140.04658572215192,137.9374188831905,60.05073671441748,118.84340537742202,4.339478780762341,5.701875905336848,161.2234167086351,173.66577123652533,169.2642151528418,165.06561963072153
0.7191,-1.5042,5.0622,1.5580,-0.4580,9.6140,1.4905,-107.4004,5.7515,-2.0516,-0.4817,-7.5829,-2.1731,-0.1650,-0.2444,3.3900,4.7852,-0.1603,-2.1465,0.0324,-0.0169,2.0159,-129.1424,-0.8752,-2.0877,0.2723,-0.2701,4.4804,33.1374,25.5095,2.9085,-0.0090,-0.0839,-99.1206,-0.7858,139.32090433343828,106.12031857783553,67.63495766903156,128.6046023280184,9.55875085918864,0.0898082057776754,160.6837532689794,173.52824765112896,170.75889639512815,173.35653044340089
-0.0997,-2.9997,12.7577,1.4374,-1.5604,43.5275,1.5249,-28.1630,22.1283,-1.8656,-2.0759,-4.1839,-2.9554,-0.1017,-0.1953,10.5022,6.9963,0.0095,-2.9663,-0.0012,-0.0057,2.2150,5.4826,-1.0840,-2.1135,-0.3720,-1.6729,5.7950,-11.0558,-11.0426,1.2614,0.0425,-0.0409,-14.3555,-1.6978,166.0391326961601,126.1909444100053,27.480129333113343,139.16488949589944,13.308791923739783,12.370422103756777,158.4235484361721,176.65033604782874,171.72618573443097,171.52536675234364
-0.7350,-2.0038,-6.4415,0.9905,-1.2935,-43.2157,1.7688,-24.2089,-26.6478,-1.9720,-3.0017,-8.6767,-2.1241,-0.1419,-0.0478,40.9011,8.1586,-0.0420,-2.6262,0.0591,-0.0462,2.7400,2.5288,-1.0179,-2.3575,-1.1538,-0.6226,16.7509,11.1529,-6.3568,1.0419,-0.0275,-0.0544,-6.0354,-2.9890,167.5040112016124,144.8127999802148,28.766353823045606,139.92580917635706,15.927984724431347,23.94158826505783,166.43771432214336,178.96019601564504,168.30199993274096,175.25802345845125
-0.2613,-0.6615,-4.9223,1.1402,0.6957,1161.5139,1.5596,-26.4725,-147.0387,-1.0322,-2.4951,17.3165,-1.2747,0.0245,-0.0026,79.3529,7.2336,-0.1304,-2.3945,0.0311,-0.0126,4.1670,2.6045,-1.6601,-4.4920,-0.7117,1.5523,6.7143,7.3156,-5.7057,1.2279,0.0443,-0.0502,-11.1729,-4.3012,93.2879526684789,117.73463708577543,114.88513813358543,145.90768317010503,17.811696078223797,23.16731350853369,175.43418889199555,177.78734520485418,175.52130195464176,171.57819155002767
-0.5330,1.6978,-2.4341,1.1687,3.0873,5.8719,1.6658,-59.7169,2.8143,-1.6824,-5.6115,-83.5027,0.6450,0.1622,0.1658,1.0489,6.4798,-0.1140,-2.1770,0.1182,0.2649,3.4072,3.5855,-1.3056,-3.6076,-1.3432,5.7736,11.3655,8.7967,-6.5714,1.5294,0.2289,-0.0374,-3.3426,-12.1489,140.77084628311795,122.76357245743253,153.40011845604374,159.7104906476559,17.42558534588725,16.54337328427433,170.54082681072978,169.375791094395,172.82838223674355,175.36342252292422
-0.1313,-1.2490,-11.6746,1.9474,0.0263,7.7577,1.6121,-30.3109,7.9059,-1.1793,-8.2599,-18.6027,-1.6825,0.0262,0.1012,2.5897,7.0368,-0.0561,-3.2237,0.0435,0.0342,2.1401,4.5003,-1.4598,-3.3382,-1.4209,0.7231,17.1198,401.9676,-5.4104,2.1151,0.0228,-0.0142,-3.4848,-11.8223,119.22173220937758,102.31613867415768,81.03184844616682,162.63700067401484,18.56000808209281,14.41769099663333,168.8348231781638,170.76523526119868,176.78044866792317,175.9977755556134
0.6606,-1.0767,-4.2632,2.2848,-1.0303,14.0949,1.2968,-24.7512,7.5815,-1.0169,6.4876,-12.1301,-1.3210,-0.0035,0.0085,2.1296,9.0952,-0.0302,-3.9077,0.0350,0.0117,2.0141,4.2651,-2.2686,-4.4660,15.8890,0.9540,34.7370,-38.3638,-6.1809,4.7783,-0.0310,-0.0531,-2.6231,4.3219,172.980372608765,43.523765882405364,34.95534574849362,179.83233398107825,15.464629254777215,15.509009255334881,169.0128178287765,173.62818357520854,176.7803517958806,177.59075367763714
-1.6320,-1.9259,-6.6271,3.8540,-1.5575,11.7611,2.0530,-21.2168,8.8640,-0.7684,2.4576,-60.4378,-1.8940,-0.0088,-0.0221,2.0603,10.6112,-0.0021,-3.2951,0.0325,0.0271,2.7901,3.7973,-2.1917,-6.5160,2.2341,0.5127,322.1370,16.0246,-5.6579,2.8830,0.0042,-0.0820,-1.9785,3.0231,175.1303460491775,130.19942114045142,22.68007579783248,176.45030447403514,15.406894116960768,17.452071602328896,173.6684053375536,172.44154979545692,175.48120731725314,175.31789919919714
6.7119,-3.4717,-9.5542,2.8693,-2.3355,6.2319,1.9272,-30.5606,6.0152,-0.7005,0.5548,-19.3997,-2.8315,0.0005,-0.0193,2.1022,9.2138,-0.1080,-3.5204,0.0191,0.0115,2.7225,4.1526,-1.7485,-4.5310,-1.9840,-2.1239,-21.5726,12.4669,-4.8943,3.7325,-0.0185,-0.0162,-1.0630,0.9813,176.27193080542054,37.067755348545695,11.632077037067504,147.99811071515973,17.74195519166325,15.414084075767185,170.85491591444324,169.00967586288445,172.46314760627723,168.2297788836402
-2.3046,-4.5154,-7.3158,2.5322,-3.0674,7.2965,2.0285,-18.5062,4.0273,-0.9699,0.7017,-20.5666,-3.7724,0.0417,0.0894,1.3009,10.1101,-0.0775,-3.4164,0.1237,0.0519,2.4924,4.1920,-1.6233,-4.4621,-0.5388,-3.3534,28.5336,23.2838,-5.2019,9.1693,0.0245,0.0351,-2.3328,0.7642,176.79029567574207,76.0695066111366,7.174727275329208,140.80438750186977,16.53040141475873,16.510099049330265,171.56751260139765,169.10313334040654,174.75707830895914,174.2033411845726
-4.1220,-7.7681,-6.9801,2.4145,-3.4788,10.7683,1.6373,-17.3556,5.5311,-1.2400,0.5872,-9.9185,-5.3655,0.0622,0.0248,1.4389,9.2131,-0.0255,-3.1201,0.0302,0.0143,2.2997,3.6055,-1.5190,-4.0269,-0.4554,-8.3863,61.8701,72.1614,-4.4045,2.4239,0.0561,-0.0465,-1.8660,0.4195,174.51966325848952,80.8798807245536,3.2461269727370667,128.25802287264503,18.986312281038302,18.79902302275574,168.04811308175837,171.39679892971245,173.44887533308625,175.62042525264218
3.5223,-22.9014,-2.0557,1.6443,-5.3013,11.0195,1.3724,-14.0115,5.9116,-1.4197,6.1231,-8.2380,-4.6932,-0.0469,-0.1278,1.5517,10.3944,0.0241,-3.1453,-0.0332,0.0367,2.5696,2.3996,-1.6034,-3.4808,3.6396,7.9861,-545.5038,-240.8036,-3.8814,-0.1545,0.0789,-0.0475,-1.9049,-4.3763,178.65399332613052,151.27913803180786,3.7651158474933655,35.494464111244795,19.942800130018476,26.70546015824344,167.58353657788476,170.73246261664536,173.31674099059236,174.709698157291
3.2491,-10.1547,-3.3375,2.5625,-3.6546,10.7044,1.8006,-27.9209,5.7501,-1.9827,10.1981,-6.7638,-4.6055,-0.2368,-0.3090,1.6905,8.9948,0.0182,-4.0107,-0.0708,0.0075,1.6920,1.6976,-1.9755,-3.7428,3.6210,-21.0623,94.5951,-17.5496,-3.5193,1.9098,0.0957,-0.0370,-2.1193,-9.1186,176.94760857784848,156.63466189477015,0.559151592190789,36.75921090601101,22.206028959753823,32.55202382302571,165.24614617538418,172.6117470262324,174.85125304962685,175.26861410361332
15.1146,-7.0844,-3.6603,6.9107,-4.7823,5.9260,15.8421,-428.1505,4.4486,-1.6040,-2.4222,-10.8914,-3.9862,-0.2977,-0.3678,1.5551,6.4225,-0.0927,-7.9122,-0.1133,0.0125,1.2479,1.2911,-46.0404,-96.1312,-6.7635,-8.3309,10.2020,-4.0671,-3.5531,1.3359,0.0436,-0.0699,-2.5564,-2.1424,177.72777676885903,151.193503394263,3.908150875297985,62.78099291535564,24.568744189904198,37.89355765230889,165.90408079629896,170.2879283304018,171.43232523843324,176.02001518225532
50.1227,-4.3013,-3.6578,-17.2467,-3.5153,5.1298,5.4590,103.4002,1.0543,-1.6436,-4.5213,859.6093,-2.6526,-0.2625,-0.3359,0.1189,8.9554,-0.1640,180.2283,-0.1564,0.0904,0.8371,0.8778,-13.8242,-121.2858,-14.1026,-4.4270,6.2151,-15.5307,-1.6701,1.7559,0.1605,-0.0287,-3.4454,-2.2663,175.22414208026487,155.04763092334042,15.031633013719881,72.53348601773001,37.28281934215304,48.16997628999701,173.6951327751701,169.52325343993246,176.2492394613869,178.10967493495698
-10.3291,-3.0560,-1.1217,-2.5426,-4.3233,9.6861,-4.4572,39.7018,2.5707,-1.1229,-5.2331,27.4544,-2.1745,-0.3167,-0.3889,1.0428,9.2218,-0.1220,13.0531,-0.2213,-0.0954,1.2814,-1.0747,2.5268,4.3286,-6.9988,-4.4501,-11.7777,-18.7330,-2.5865,-0.8653,-0.0569,-0.0566,-1.2804,-9.1301,168.32740700593286,179.27921103723008,8.11404867394453,143.31301633592832,27.3268236464393,135.6195717134486,175.89709972721795,175.54849044375442,174.85833711262651,169.252530188152
3.1462,-3.3458,-4.1472,-1.3742,-4.1519,50.1746,-3.4145,11725.1733,3.4280,-0.8769,42.3487,10.3813,-2.7612,-0.1003,-0.1180,1.3844,9.5739,-0.3032,9.1062,0.0451,0.2320,1.4555,-1.9286,1.7917,3.2129,12.1210,-3.1808,-2.4762,-9.0869,-2.0957,0.2192,0.1390,-0.3140,-0.4014,-26.0567,173.63333104967688,160.16977442182272,11.967578966854981,154.79102486945604,31.47239102860753,152.58832744898507,179.53922961271056,178.86311036476678,168.21781244980562,156.86702702188893
0.6327,-4.7517,-4.1851,-1.1319,-4.2740,-90.4833,-2.1100,78.9132,2.7506,-0.9009,4.4965,6.3975,-4.3907,-0.0506,-0.0006,1.4285,12.0827,-0.3050,12.4893,0.1358,0.0592,2.1936,9.1041,1.6951,3.2185,1.9618,-4.9484,-2.7946,-11.1389,-2.1061,-12.3661,0.1462,-0.0278,-0.5987,3.1508,179.66157708901343,139.93189353980856,12.229635447801181,168.65974283879976,30.129653453880128,5.542236187887742,175.84710124385717,178.64078463826235,165.98589718659485,160.94424205883828
2.2895,8.1659,-2.0028,-1.3763,-5.0398,7.5056,-1.1601,-35.3768,2.1845,-1.3114,16.6378,3.1071,-4.3868,-0.4894,-0.5055,0.7914,88.6365,-0.1859,1.4213,-0.4835,0.6326,0.6626,-28.5072,0.7855,2.0049,26.9685,-0.4885,-2.6496,-4.7172,-1.9524,11.1998,1.1885,0.3439,-1.7209,7.1849,178.38134055840504,164.3290879903175,15.898642732201628,170.06741430194108,27.767833907518032,0.3898906941082734,162.80601404187297,170.79175463167743,150.19059450837636,151.7336386617052
4.4726,35.1986,-0.6959,-1.4399,-7.1204,6.5418,-0.8952,-21.2812,1.7466,-1.3348,8.6556,2.8566,-13.7862,-0.4901,-0.5210,0.6883,270.1542,-0.3785,1.2782,-0.3331,1.7744,0.6150,-24.2474,0.9118,2.0979,4.6741,9.7335,-3.3083,-3.4049,-2.3031,-3.5731,2.5643,1.0203,-1.2960,9.5978,176.15433143401665,173.34519061745144,15.475487665937957,171.69016065959462,23.682013624820602,0.3287121137149069,160.91851770058338,168.61852965806668,144.3390525013403,154.49016487692384
6.0453,18.6582,-3.3349,-1.2697,-8.6647,5.9052,-0.8114,-23.5220,1.4358,-1.1872,9.1432,3.0750,-21.8365,-0.4156,-0.4577,0.5783,123.4990,-0.0983,1.6943,-0.4111,0.7292,0.8444,-17.0973,0.8927,2.0722,5.3071,10.5368,-3.3061,-2.5716,-2.1506,-4.7256,2.6045,0.9773,-1.0837,10.8579,176.03861626831178,175.86938829916954,18.354657298903703,171.3906363204718,25.401988777252356,0.912967746563047,162.4490527962322,167.95414176928892,140.73618777362094,153.5593636795056
6.3727,13.7052,-0.6226,-1.2040,-21.3615,5.0056,-0.7276,-31.6652,1.6635,-1.0817,7.8998,3.5588,-22.6984,-0.3517,-0.4173,0.7603,-141.9068,-1.9529,1.8299,-0.4754,0.8002,0.8980,-21.8683,0.9379,2.3033,6.2289,7.3445,-3.2128,-2.5211,-2.5546,13.8591,1.6993,1.3353,-0.8206,23.4970,179.84235314288256,173.5188226935486,18.697411903279512,174.94482727604012,20.97390168401721,0.80938535837845,163.90137480184913,166.89355615249585,142.66935162676918,151.41354910475184
3.5467,5.8653,-3.2165,-1.3905,-27.6838,5.8415,-0.8321,-29.7029,1.1095,-1.1685,16.8523,4.6465,19.5462,-0.5700,-0.6264,0.5131,1054.2045,-1.3128,1.8744,-0.5601,0.9415,0.8425,-17.0307,1.1974,3.0774,5.4925,5.1223,-3.4069,-2.3095,-2.2215,-3.7472,1.6299,0.4751,-0.8145,587.6387,175.00249658862643,164.35142773992564,22.165611223005097,176.54209033774666,24.288714832533604,1.4321723639225787,167.90860580116737,168.35760517215738,144.4421362598601,153.9277877720395
3.0837,4.2358,-81.4410,-2.0609,26.8905,8.9559,-0.6443,-32.5802,0.8154,-1.4340,10.3935,6.8749,13.4180,-0.8245,-0.8488,0.3090,55.5278,-0.2511,1.9875,-0.6061,1.1627,0.7460,-20.1796,1.5588,5.8049,4.6523,2.5605,-3.2522,-2.1324,-2.1425,-3.3569,1.5649,0.5586,-1.0639,-29.9127,177.86754320232558,160.11804786836623,27.15028136611904,179.07774366207454,26.052283759965366,1.0789178594446787,172.75570084292335,171.87081201972907,146.599781945418,156.5370857514165
6.1168,0.9636,-15.3992,-2.1837,2.1470,15.4080,-0.4117,-59.4051,0.7984,-1.7069,7.4354,11.2866,0.1097,-1.0581,-1.0665,0.2786,87.8455,-0.1834,1.1523,-0.7673,4.1967,0.4186,-20.1053,2.1155,15.9846,7.2733,0.2943,-3.4054,-2.0417,-1.4505,-5.2825,5.4448,0.3007,-1.4908,18.4100,121.23599066419885,173.82429830079434,59.55711291859897,174.04340779220698,35.23485472874837,1.8830402106654596,175.58898365183012,175.3222288570713,148.84227410938243,159.92149884202408
9.4476,0.8850,3.4253,-3.1008,0.3492,-37.5040,-0.2244,125.2153,1.0871,-2.1931,9.3991,34.0693,1.4473,-0.9394,-0.9488,0.4649,41.0594,0.0181,1.0833,-0.6697,0.8784,0.3739,-27.8965,2.8005,-19.6881,9.3881,0.7153,-4.2714,-2.0436,-1.2684,9.5005,1.3208,0.1245,-1.3805,11.0865,143.89298201958363,179.11201495113957,109.00103172081714,172.79290715636986,39.64647243852745,2.5105593809511975,179.7138987316875,178.01507038150143,152.24436394494256,168.35083314426413
4.1848,0.1149,-12.5599,-2.4617,-0.9524,-21.1344,-0.4112,21.6041,1.5519,-1.9693,-3.8002,-18.6323,0.0868,-0.6791,-0.7243,0.6862,20.9895,0.1102,1.0241,-0.7141,0.9660,0.4564,-13.0638,3.2615,-64.1755,-8.7460,-0.2174,-4.5598,-2.5337,-1.7005,-1.6151,1.9138,0.4049,-1.0815,-4.9529,131.43636102278188,155.14616507777487,164.06344027949817,172.9627287722123,33.18650548175315,7.027489536470293,174.20020690192143,174.6408171688026,161.53363454199976,170.33938355920262
21.7959,-2.1492,0.4875,-2.2498,-2.5927,-52.8744,-2.1294,13.7663,1.7836,-1.9399,-9.9504,-9.9542,-3.2358,-0.7122,-0.7827,0.6838,16.9087,0.0721,0.8130,-0.6631,1.6047,0.3368,-16.5203,3.9721,15.3357,-68.9754,-1.8014,-4.6897,-3.1161,-2.5671,-0.9783,4.2239,0.3684,-1.0205,-18.9899,176.0818873047336,174.35871752265604,179.80835785675154,179.55040137593002,24.667605222766344,7.6187148703436,170.87872128286398,174.76177127834956,167.944376384252,169.0464019310932
7.1770,-5.2587,0.7394,-7.0811,-4.8889,115.9497,-2.7052,20.8463,2.1470,-2.8001,619.4703,-11.1891,23.7723,-0.9235,-1.0604,0.8586,18.3187,0.0533,1.5222,-0.6016,-0.0417,0.3853,-4.9680,2.6669,7.6223,6.8105,-2.3627,-5.1327,-3.8860,-3.5561,0.0998,0.1878,0.0142,-1.0994,145.5062,166.03108301684935,172.46163099651145,175.85391129837745,168.2252886177835,18.830851439526036,14.127336081269954,171.76827346788644,177.74774402840663,170.67622278042288,168.48112944164862
-0.1561,26.2673,0.3605,8.2088,138.3917,36.2130,-4.0838,166.2377,2.8071,-3.2486,0.4036,-15.8359,5.1152,-0.7347,-0.7877,1.1052,8.6479,0.1105,3.7770,-0.3371,-0.0353,0.4599,-1.2610,3.8422,9.5370,0.2389,-8.3200,-5.6258,-5.4646,-4.6447,2.4422,0.0386,-0.1088,-1.1011,1.2594,169.35249170720152,119.57803702299357,167.4358191349643,103.13398595492811,18.74626034277844,141.23919152818613,169.79062638054526,178.7628723207606,173.24312464206255,168.33902241724059
-0.0573,4.6110,-0.1275,-5.5019,8.6802,17.0780,-7.7898,127.3448,3.6817,-2.0662,0.9458,-17.4915,2.2640,-0.5885,-0.6708,1.4005,7.1623,0.0872,3.1898,-0.2503,0.1828,0.7753,-1.1265,1.2783,2.0271,0.3279,-37.8839,-5.1251,-8.7857,-5.6929,-0.8317,0.1822,-0.2505,-1.1977,1.5775,162.74074212481966,119.08968286182352,163.46551284990656,106.03206331290957,17.911024851908934,137.95393662541593,168.77963047251825,177.09880161404078,176.77854103388944,165.60823429479296
0.5238,4.0448,-0.1173,-2.9768,5.4446,14.5939,12.7799,52.2920,4.5359,-1.6778,3.8075,-15.2735,2.0461,-0.5968,-0.5967,1.7907,5.8827,0.0600,2.5559,-0.2424,-0.0172,0.7902,-1.2922,-8.2980,-19.9489,1.0901,-31.7752,-4.9505,-17.9754,-8.5407,-0.4417,-0.0414,-0.4205,-1.1598,7.8705,164.36086849835684,124.8864048476353,162.91445902206164,135.02449459469852,16.325673983737452,141.16992045537978,166.60653337155173,177.1756751162828,179.43819983723935,164.66016162253797
4.5094,2.7271,-0.2929,-4.0679,3.7595,15.9170,7.4456,33.8634,6.1475,-1.6240,-8.4821,-13.8742,1.6181,-0.4437,-0.4674,2.5543,5.4447,0.0189,3.5093,-0.2313,-0.0304,0.8546,-1.2353,-2.3906,-4.2823,9.9868,26.0454,-4.0842,-49.3176,-20.0289,0.4363,-0.0017,-0.5546,-0.7807,-5.0928,163.17899794779402,156.38758420108863,162.2461923558774,152.11848540080018,13.265463130522573,139.31805858756377,165.47028642991185,178.09653086282052,177.0390795057425,162.64717267332728
-27.9153,2.2814,-0.3656,-22.7691,2.7720,10.2476,4.3692,41.2427,9.0211,-2.0193,-3.8719,-11.7367,1.3897,-0.4186,-0.4914,3.3400,5.2327,0.0211,-36.8254,-0.2454,-0.0927,0.9968,-1.1976,-2.1324,-3.7541,-7.6671,9.4842,-4.5702,83.1515,-37.2457,0.2628,0.0373,-0.5735,-0.9632,-2.8738,164.09842410957927,162.8648900948479,158.6249128351959,159.32572791540778,12.357129376223885,138.7500477064832,164.31080602258967,175.8154523826884,174.4409673296662,162.0842786429985
-20.5790,1.0313,-1.1920,-8.8416,1.9799,7.1563,3.1645,58.6000,56.7240,-1.6151,-4.2778,-10.6239,0.5100,-0.3670,-0.4315,9.4527,5.2705,-0.0548,7.8844,-0.2802,-0.1342,1.0015,-0.8731,-1.8437,-3.5376,-7.1997,3.6852,-4.7366,31.0778,-259.7273,-0.0368,-0.0303,-0.5845,-1.2949,-2.2558,143.81873841191148,158.87465741895983,152.98228087130997,155.03115863723966,10.963866827501105,130.146161840913,163.8794776666403,173.0227680203491,172.7797555516673,160.12387900986155
-24.6074,0.0830,-1.9519,-4.4697,1.3850,6.1679,2.9241,44.4948,10.9599,-1.5679,-2.7723,-10.9228,-0.3626,-0.3837,-0.3764,5.0298,5.3981,-0.1426,6.2383,-0.1909,-0.1498,0.9961,-0.0984,-1.9323,-3.8575,-5.4771,1.0616,-7.1716,22.1869,42.4291,0.2433,-0.1455,-0.5476,-0.5786,-2.2446,105.89842740262412,158.31342979990058,145.51981196403858,119.63078881539334,9.144957124000017,94.32962829628225,164.27396798332362,172.0782454836047,172.1883974516051,162.8527030750024
-0.3411,-0.9438,-27.4220,-27.6261,0.2399,6.1350,2.5970,49.1542,4.3461,-2.1317,-0.0345,-10.5099,-1.3555,-0.4063,-0.4883,2.6750,5.2941,-0.1321,47.4616,-0.2636,-0.1428,0.9887,0.0536,-1.8603,-3.9547,0.0364,0.1677,-18.0658,17.3059,19.7133,0.0146,-0.0355,-0.4512,-0.9194,-3.7788,112.9273619027331,56.34507583068031,106.39327697128678,101.75671956595508,7.792486117610443,85.7685814914933,163.86828322151553,171.9077838132625,171.2576593139287,167.5740409158607
-0.2770,-1.0216,24.6134,6.1156,-0.0761,5.6336,2.0569,66.9822,3.8684,-2.4522,-0.9672,-10.6547,-1.4794,-0.3233,-0.4441,2.4097,5.4285,-0.1395,-16.1552,-0.3265,-0.1074,1.0964,3.3941,-1.6949,-3.9058,-0.6610,0.6829,139.9585,16.7514,16.6272,1.5075,0.0210,-0.3647,-1.0632,-0.6504,128.40729087978568,162.44307130198175,89.0913195948458,106.6227598504945,6.995812077557968,15.561247869783458,164.20064545386478,170.78986700451094,171.2219015440775,170.34391201022427
0.0623,-1.2029,1719.4444,3.3408,-0.1716,5.1589,1.8354,60.2923,3.6087,-2.0277,-0.9161,-11.5091,-1.9134,-0.3912,-0.4921,2.0959,6.1080,-0.1314,-5.2902,-0.3417,-0.0035,1.0027,10.3550,-1.5794,-3.8758,-0.2724,1.3638,17.6835,20.8146,16.0864,5.2439,0.0717,-0.3479,-1.2044,-0.4778,127.32882995508885,150.8974262450797,83.82073508359194,110.02239923908405,5.74073872184148,4.565846683771873,165.736279293001,169.98006634367536,172.2836323833262,172.26648025669795
-0.3235,-2.5916,5.9168,3.5884,-0.4001,5.2761,1.7558,40.3264,3.6241,-1.5475,-1.6675,-11.4661,-3.9714,-0.2196,-0.3140,1.9967,5.9074,-0.1561,-3.4859,-0.0879,0.0832,1.3871,140.9497,-1.4434,-3.4701,-0.7336,-0.5425,10.9494,38.0613,14.4089,1.5759,0.1268,-0.3401,-2.0653,-0.8825,125.94044584157075,156.49961640726772,72.1630468801495,131.02263413443345,5.6378227403420205,1.014019259379974,165.40775422808497,170.68835160723702,173.5106092129571,174.48612299475573
-0.2826,-2.4575,-5.5987,3.1907,0.1722,5.7603,1.8160,31.8478,3.7308,-1.7267,-1.4535,-10.4318,-3.1342,-0.1824,-0.2847,2.1134,5.5807,-0.1531,-2.8161,0.0203,0.1165,1.6339,-15.9311,-1.3631,-3.2117,-0.5440,1.3086,7.4086,84.8838,20.3395,1.7224,0.2084,-0.3204,-2.6955,-1.1655,97.9252022189944,146.41231511397325,102.58514548440806,142.9616495202596,7.344174647019556,5.390217482501952,164.3654435050055,171.94992870613154,173.84936894804034,177.8386995687588
-0.2630,-2.0090,24.4900,2.6904,0.1168,5.7250,1.6500,34.3732,4.9099,-1.5917,-1.1646,-9.5343,-2.9109,-0.2092,-0.2826,2.9102,6.2406,-0.1804,-2.7286,0.0428,0.0756,1.7014,-13.1893,-1.3042,-3.0607,-0.4667,0.1187,6.1140,1003.9917,24.6156,1.4195,0.1746,-0.2536,-3.2021,-1.3071,102.29649125837821,142.15517507502764,98.98956612481045,146.91763245389993,6.777446238669118,6.0022250833394155,164.9086656032932,171.75830640471796,173.95538109824327,179.38088946064568
-0.1617,-1.3081,-21.8730,2.2605,-0.2400,6.3477,1.7169,43.1687,5.3442,-1.5146,-1.1767,-8.4860,-2.0935,-0.1924,-0.2741,3.1970,6.0240,-0.1823,-2.4972,0.0489,0.0656,1.7765,-11.2030,-1.2804,-2.9323,-0.4243,0.2166,5.1177,-143.1981,-51.1688,1.6131,0.1218,-0.1615,-4.5327,-1.1806,129.02690368233792,139.44974910850667,75.38546709798649,144.83490649402174,10.544868065046114,6.427813089973692,163.85391543650448,172.37440420222052,173.6792941534166,177.89640049145066
-0.0487,-0.8977,-16.6248,1.7831,-0.3873,7.4512,1.8241,72.7095,7.3987,-1.4969,-0.9696,-7.8943,-1.4086,-0.1738,-0.2428,4.5280,5.9853,-0.1622,-2.5282,0.0418,0.0422,1.6759,-9.9018,-1.1831,-2.6334,-0.2876,0.1985,4.5515,-42.2516,-13.7517,2.1698,0.0834,-0.0674,-10.2335,-1.0792,146.54287939242354,135.60502624893695,64.6698524910514,142.9477632793668,13.644238567274249,6.554818542664273,163.29544120027072,173.144127035323,174.13635673547995,175.2523204144566
0.0808,-0.6945,-2.8209,1.6414,-0.5795,7.6719,1.9208,-239.0188,11.7101,-1.2542,-0.8695,-6.9781,-0.9846,-0.1631,-0.1887,10.4215,6.2446,-0.1232,-3.2052,0.0077,-0.0127,1.7027,-17.3805,-1.0748,-2.2685,-0.1850,0.2680,4.7885,-26.8672,-5.1149,2.2645,0.0309,-0.0191,16.9101,-1.0069,165.53377083563925,130.1832702518095,48.84736123796431,138.49077325822913,20.160258196159713,3.0532176970497518,162.74679804757005,172.3338930987144,173.97633317928464,175.63066839514747
-0.0183,-1.2565,-6.7233,1.7286,-1.0698,9.6068,1.8447,-103.1031,-121.0819,-1.3271,-1.4061,-6.0674,-1.4650,-0.1383,-0.1765,-23.2079,6.4628,-0.0936,-3.2768,-0.0365,-0.0964,2.0562,-28.9211,-1.1243,-2.2812,-0.3089,0.0514,5.0947,-15.9032,-6.4545,2.0265,-0.0498,0.0193,12.6854,-1.0161,171.24751878333257,135.5888935901898,34.2625554000653,137.43767698570258,17.602504693377576,1.4246196327110456,161.84521597792062,173.50160625102507,174.23894785805797,174.8377583986777
0.1349,-4.2369,16.1455,1.7237,0.5828,14.8908,1.8495,-79.6456,-11.9998,-1.4253,-1.2522,-5.2800,-2.8773,-0.1089,-0.1344,-6.2524,7.1194,-0.0601,-2.8725,0.0033,-0.0332,2.2185,-101.9036,-1.1654,-2.2323,-0.2335,-0.8041,5.4034,-11.6135,244.0907,2.9108,0.0047,0.0387,9.0597,-0.9800,101.06934454368319,127.89562293614014,59.531411156296606,134.9825052208842,7.760829911609332,0.15710972174339805,161.28008808173192,175.4386954983705,174.1970587379138,173.3569326299987
11.4065,-4.0322,-0.4038,2.1718,-2.7366,9.7723,2.5672,-72.0405,2.4960,-1.0955,-6.4786,-40.1423,-2.8202,0.0305,-0.0057,0.9845,10.0813,-0.1129,-2.5025,-0.0426,0.0621,2.3596,1.3734,-8.4220,21.7214,-35.8577,-20.1270,-32.4722,87.2671,-4.1599,3.5397,0.0045,0.0268,-1.6458,-2.1512,179.45036029443185,150.05777473387855,6.55643333488782,60.991368018021426,19.18175776313876,36.85469622945795,172.90815076774447,173.36196772674737,177.9164521815316,172.39334593632645
-5.4437,-2.6188,-1.8867,-3.1277,-3.9280,8.9668,-10.6324,-830.5602,1.5638,-1.0758,-2.1672,-54.8531,-2.0676,-0.0155,-0.0373,0.6200,10.9784,-0.1317,23.6823,0.0469,0.2271,1.3467,1.1964,2.4133,4.0070,-3.3358,-2.8982,-9.7819,-18.2953,-2.6910,2.4720,0.2429,-0.0334,-1.7140,-1.6325,168.4719801222227,158.91964285801643,6.102797956270487,71.37859921197446,25.590287302304766,39.95815579671445,173.75101002955785,173.56750966051825,177.91580809098403,167.7994444171288
11.0290,-2.2719,-0.5703,-1.8338,-4.9994,11.9549,-4.9866,-63.2076,1.4197,-1.0953,-5.7732,46.9062,-1.7207,-0.1748,-0.2609,0.5975,15.0438,-0.0483,7.0922,-0.2738,0.2250,1.3452,-1.4945,1.6535,2.9915,-7.3406,-4.0530,-18.6228,-6.3667,-2.0074,0.8498,0.3802,0.0358,-1.7248,-6.8364,161.1480625133013,166.49716141703698,15.168914310343492,154.53531466784173,30.28321316185711,147.11970066364304,177.41829863838956,174.31207478107194,169.85238244851752,172.14477524453335
316.4836,-4.0621,-2.6801,-0.6064,-7.0195,6.8056,-2.2867,-88.4351,1.6425,-0.5014,-16.4709,18.8696,-2.6041,0.2819,0.4317,0.7191,44.5422,-0.1483,5.1671,0.4353,-0.3704,2.0670,-2.9914,0.9016,2.1605,23.1810,-5.1109,-4.9041,-6.5934,1.9613,0.1240,-1.2345,-0.3694,-1.2762,-29.7051,167.10047170529344,177.89087078534928,144.87614197807673,163.44345902994323,154.27004094437947,162.16322535208337,178.25253800684473,170.99308631423418,168.34227359734925,160.1157463172203
-25.3363,4.4640,-2.2030,-1.2427,-22.3559,12.8132,-1.8853,76.8707,2.0722,-1.2555,-6.9718,16.3619,5.8292,-0.3259,-0.7010,0.8582,35.3787,-0.2348,3.0232,-0.1230,-0.2705,1.6060,-5.8202,1.2228,2.6836,-6.0667,2.6791,-11.9597,-6.2115,13.9636,-2.5888,-0.4041,-0.4252,-1.5580,-16.2242,167.70448547493856,178.73320178981962,173.34257214892233,173.77800381001083,177.5228231949707,169.50565396566267,178.12163739822418,176.28274951481862,167.3568811961803,170.7578363274181
-4.3681,5.1113,21.0486,-2.0212,-5.5374,7.6889,-1.2800,37.7092,1.6396,-1.8501,-1.5122,6.2833,8.8409,-1.1185,-1.1338,0.5776,69.8492,-0.1453,1.3673,-0.6901,-1.1443,1.1463,7.1925,0.8464,1.9503,8.1852,3.0822,-5.3571,-4.9616,-2.1075,-9.7690,-1.2694,2.2165,-1.5510,-2.0736,163.30996716181738,167.1489715476339,15.14749803479634,33.66083375302293,26.204430740263067,6.396211110310747,171.77728349594247,174.1089263497289,159.561781822913,162.0163471342934
-0.9040,0.0084,0.3655,-2.9181,-4.6029,-24.1680,-0.6002,21.2788,1.5558,-2.2928,0.0636,24.9157,0.2104,-1.2537,-1.2078,0.8300,11.5227,0.4265,0.6015,-0.5666,-3.5638,0.1034,3.9202,0.8146,1.4558,-0.7818,-0.1246,-1.9915,-3.9321,-1.1636,-1.4826,-2.0922,0.8912,-2.6183,-1.5433,90.3749484698897,165.0564457770062,28.419481842319826,47.25216476024436,45.63683449255136,11.619728184851036,177.33835994782888,174.93998922209065,163.43291282958955,155.70605898441295
5.2663,-0.6752,21.7700,-7.7787,-0.3518,10.3049,6.4078,21.2302,3.8599,-1.9563,-3.7155,-14.1123,-1.3429,-0.6120,-0.6894,1.5836,4.7999,0.0193,2.8945,-0.3652,-0.7632,0.6513,-1.9687,-2.8835,-4.8773,-826.1847,-0.0753,-12.2928,-20.1049,6.3191,0.0583,-0.8554,-0.6948,-1.4941,-4.3994,146.05609712938104,156.44231019491613,79.61064427258626,165.87713746713857,2.7761093120892837,150.3744287117186,164.17822365386147,177.1540900633032,178.79426752607702,169.80663544753244
-0.1171,0.5233,6.9424,1.4608,0.9822,5.9548,2.9533,26.5815,5.1800,-1.4131,-1.7772,-13.1311,-0.5863,-0.1442,-0.2126,2.4987,5.4725,-0.1844,-3.8174,-0.2395,-0.1653,1.5332,42.3587,-2.0409,-4.6285,-0.3629,1.6151,-1081.4917,25.5770,6.4868,3.6841,-0.1544,-0.4134,-1.5309,-1.4121,105.1299186191053,131.98199181535674,143.2486389160614,143.3435333304716,1.5918378205843948,0.8020755268541248,165.28954251248092,172.62156659549498,173.40603856651688,170.41413049355677
0.4920,1.9813,-9.1671,1.3087,2.0368,10.4480,1.7664,-44.9932,9.2901,-1.3779,-1.3853,-11.7240,1.2219,-0.1700,-0.1939,5.3581,8.0211,-0.0616,-3.4385,-0.0920,-0.0777,1.7825,-31.3699,-1.5538,-3.5483,-0.1357,3.6064,5.5488,-25.6319,-28.2150,6.2470,-0.0375,0.0151,-67.6709,-0.9784,166.85339230425333,109.42601761283765,151.82074071672824,136.20073648050706,9.136261178778447,0.5526157947304277,168.0183199881668,173.2595466285146,177.3589399119477,175.25113315032422
-0.3063,10.0595,-3.6227,0.9872,-2.3356,-41.0564,1.7125,-21.8929,16.0317,-1.8942,-1.8910,-6.6438,-1.8049,-0.1706,-0.1959,6.3289,8.0259,0.0224,-2.4994,-0.1173,-0.0609,2.3785,4.2204,-1.1934,-2.0443,-0.5741,-1.6783,8.2267,-1538.3127,-18.5104,1.0126,-0.0634,-0.0444,-11.7413,-1.5099,5.809735629663662,140.54634610107354,159.91371111413207,133.15402829739332,10.194617658097412,15.945359623318359,164.33802226515644,178.77998519605387,171.47755946296706,171.67411851783422
-0.5419,-2.0126,-48.3875,1.1493,0.8050,1966.2815,1.6734,-45.0434,-4.8752,-1.6444,-4.1834,19.8974,-2.1685,-0.0088,-0.0309,-3.1947,6.7202,-0.1168,-2.3200,0.0791,0.0003,2.8906,2.4849,-2.7960,-10.7875,-1.2514,2.0070,10.1306,8.2112,-10.2195,1.2174,0.0300,-0.1607,8.1550,-4.8050,75.92364227201115,130.20932549751183,123.24440247953987,146.32215778343445,14.052541165248696,23.19321199065493,174.41333073616858,178.69905647652405,175.93358261895463,174.39169815529687
-0.3730,0.1620,-15.1879,1.5376,1.8844,6.8428,2.0886,-45.7570,3.9879,-1.2143,-11.0498,46.9564,-0.6295,0.1738,0.0804,1.7536,6.7000,-0.1371,-3.0446,0.1742,0.2071,2.8474,3.7364,-2.6113,-9.6939,-1.2961,2.9937,11.3530,10.3027,-8.4450,1.7645,0.1533,-0.1321,-3.7081,94.8947,85.7643868530056,109.85268642711259,145.29338680979058,165.62031007833505,15.24203891520994,16.235425537280488,172.73111968377907,170.43370856255345,175.67610967286566,176.71946010922355
-0.7872,-1.8848,-9.2054,2.3241,-0.5168,14.0120,1.6774,-27.0602,6.7900,-1.1490,-11.4473,-15.5378,-2.6695,0.0149,-0.0549,2.1369,8.0559,-0.0193,-3.9848,-0.0636,-0.0072,2.0461,4.7147,-2.5303,-6.5492,-2.6592,1.4073,23.4272,1211.2416,-6.5462,2.9759,-0.0434,-0.1126,-2.9987,14.5562,137.86729546221125,124.27918812973746,53.98311689287575,171.95479893506146,15.76140678748277,14.091593797191823,169.24151297248056,173.80149164735997,176.27026874483292,178.3620771582772
-2.4543,-2.6762,-13.8142,3.8595,-0.6903,15.4546,1.9451,-24.3965,7.6468,-0.7266,4.7542,-14.6466,-2.7608,0.0069,0.0123,2.3236,9.3871,-0.0151,-3.1384,0.0103,0.0228,2.9645,3.5685,-2.3538,-5.6546,31.4710,1.9042,74.6483,-113.9909,-10.7183,0.4236,0.0711,-0.0902,-2.8341,6.7513,144.52708422338358,149.40620247080372,50.054009952794146,172.77079838562352,11.410919953180445,18.001737856068264,170.01341188638514,173.95057677744543,176.59679378780802,177.06528606122808
-0.0248,-20.0426,-10.0144,3.7847,-1.9513,15.4985,2.0335,-39.5066,8.8087,-0.6321,1.5080,-19.7556,-4.8585,0.1524,0.0834,2.4401,8.1367,-0.1135,-3.8064,0.0052,0.0419,2.5852,3.2919,-2.4038,-6.6899,1.5623,1.7032,37.6828,-38.6653,-8.0139,1.4730,0.0425,-0.1086,-2.7559,1.7356,164.49677868324073,61.468183535307446,20.021012072335605,166.94795048629126,14.119291022482253,18.347612613898733,170.09570985954554,174.858272966153,178.58374983693255,177.82836758446487
1.9107,-5.3614,-1.6327,2.0724,-3.0691,12.2123,1.9987,-26.7781,3.4588,-0.7177,0.5426,-18.7037,-2.0356,0.1616,0.0642,1.3590,8.7616,-0.0789,-3.9484,-0.0020,0.0591,2.6171,2.4007,-2.7730,-8.9058,-1159.2500,4.2705,31.3504,-46.8134,-4.3199,2.2505,0.0189,-0.0768,-2.1441,1.1336,171.88462755295132,13.79103446028967,5.013765101896813,161.19620067285086,19.544786678483327,24.752636262431274,170.4283664139399,173.18012352121696,178.16331178332234,177.1457513553356
1.2410,-3.3479,-3.8469,2.0667,-2.9990,11.2820,2.3905,-15.6071,3.2752,-1.6350,-1.8404,-14.6888,-2.7504,-0.0587,-0.1506,1.2517,10.0256,-0.0494,-3.3296,-0.1569,0.0381,2.2735,1.2590,-3.3176,-10.1472,2.3891,-3.2183,87.1215,-22.0609,-2.5991,1.1693,0.0809,-0.0480,-2.1849,-3.0709,178.46066616069265,123.10197347310992,2.603208718621933,56.49598232893223,26.740153451904455,42.12494768503215,170.4092748596634,171.26859005934136,178.70074616284373,175.59233181539477
-420.9592,-2.7667,-1.8824,4.2765,-3.0093,8.9322,-10.2191,38.6353,3.3781,-1.3786,-2.8913,-15.4227,-1.9125,-0.1083,-0.1445,1.2859,7.2247,-0.1457,-3.0431,-0.0391,0.0869,1.7836,1.5975,8.5522,13.8447,-6.4559,-2.9957,23.1035,-5.3074,-2.2317,1.3953,0.0979,-0.0121,-2.6273,-1.4507,170.778038302826,145.5560724386058,5.754622419468413,66.6255598169556,32.01703208802579,30.56286440637032,168.40967135400052,175.09472394401496,173.03948707446645,176.09047675487767
-3.4250,-2.7192,-1.3585,-3.1560,-4.4848,5.2393,-8.2965,94.3584,1.2842,-1.2331,-2.9199,-101.5980,-2.0215,-0.2763,-0.3653,0.3424,14.8781,-0.0575,217.5638,-0.0835,0.2033,1.5105,1.4708,4.8479,8.1568,-2.9791,-3.3857,-32.8744,-10.0888,-2.7671,-3.0940,0.3045,0.1459,-2.1930,-3.2670,166.2489077231504,179.25708867210042,7.299541420821857,51.23092053362252,23.714816023248073,33.60469256671327,175.59084053872985,169.80132764654113,174.903274605781,167.45180209254318
6.3855,-3.2581,-0.8306,-1.7323,-5.6132,6.4228,-2.9396,44.7544,2.2417,-1.5272,12.5905,38.9474,-2.4064,-0.5768,-0.7686,0.8723,22.2467,-0.1293,2.4524,0.1158,-73.2558,1.5708,-4.9451,2.2922,4.0753,10.8088,-8.1636,-5.3881,-6.0542,0.7880,4.7995,9.2291,0.1370,-1.0754,-12.9056,167.53524943762548,166.66873609416277,118.13740377161056,172.99844833954944,130.8124423744036,167.28767821925126,178.89704493921724,172.43037372085723,169.15013165482426,160.63616789150754
6.2035,2.9785,-2.2004,-1.4075,1.7210,12.0018,-0.7497,100.5880,1.3743,-0.9930,0.8930,7.5277,122.7663,-0.3738,-0.4998,0.5923,38.1634,0.2300,2.9746,-0.3974,0.1469,1.0660,-4.9767,1.8540,9.0092,12.6208,1.8364,-4.0720,-3.0614,5.3424,-7.5052,0.2068,-0.2523,-1.3209,-39.0811,150.30768140382594,169.37691930779934,160.44296979418363,170.1042541697263,170.89899909704948,168.0689114741449,173.93398400440935,175.80666488814364,154.34332572000605,161.4395464022938
-2.8173,3.1682,1.1886,-5.6731,5.9604,-124.4033,-1.1284,17.7758,1.6140,-3.1641,-0.5493,-17.5038,1.7527,-1.2351,-1.2620,0.6840,12.4460,-0.1089,1.6397,-0.8972,-0.6055,0.2755,3.9348,1.9369,4.2103,-1.0021,4.6300,-5.6357,-3.2575,-13.5887,0.4119,-0.4419,-0.3650,-0.9979,-56.5048,159.8177019580623,18.528096044281906,166.26712009264673,15.273289720478248,8.802524594722422,11.03954963038399,172.13654936570083,176.31959711391605,166.2040279540589,170.39868633484556
0.0635,-1.0110,-4.2039,6.1645,-0.8811,14.9813,2.3069,24.6787,11.7926,-1.6166,0.3098,-27.0393,-1.1984,-0.2923,-0.2812,3.4908,4.8469,-0.1423,-52.0246,-0.4798,-0.1362,1.2834,-0.0379,-2.7697,-6.5128,-0.0112,-0.5786,-10.4675,34.4485,7.7883,-0.1302,-0.1462,-0.5301,-2.0775,0.0150,171.2266517682872,177.2269989449433,55.9338323161797,176.96966905125433,4.34094822898479,89.84791825736171,166.22437705716254,178.50158584286277,176.21921942075988,170.72406142673876
-0.6497,-0.4257,-7.7642,2.1421,0.6636,11.2253,1.9117,34.4703,5.4974,-1.5313,-3.3750,-15.9836,-0.6571,-0.1515,-0.1982,3.0060,5.1970,-0.1614,-4.1287,-0.1055,-0.0527,1.7688,9.8795,-1.2121,-3.3519,-0.9899,0.9068,6.0664,14.6980,-47.0925,0.4225,-0.0461,-0.1917,-4.3736,-3.8241,113.12478308215391,137.66542213610055,122.349951275495,159.565628520671,12.108086382078264,4.118068780650867,165.52839160636773,176.57097306045014,172.52779912424873,175.73020015089685
-0.1134,-0.2191,-3.4464,1.9251,0.3564,-76.2272,1.6585,-36.2110,17.6595,-2.3773,-2.2605,-10.2168,-0.4400,-0.0917,-0.1130,12.6885,7.4101,-0.0423,-3.3569,-0.0293,-0.0280,1.9259,19.6885,-1.4306,-3.1194,-0.5227,0.4406,7.2661,36.9960,-11.7048,1.5322,0.0488,-0.0856,59.5749,-1.6402,136.63079985430434,127.83710520827245,104.73435611890261,145.72293514032737,12.568850642908,4.4894905325695635,166.72418257160095,179.1697288335276,172.86150230194798,171.41230017584596
-0.9060,-1.9790,-4.3484,1.0114,-1.8945,-50.4738,1.2725,-28.9219,36.0292,-2.1550,-6.0077,-20.3152,-2.4560,0.0912,0.0406,23.0403,7.5444,0.0245,-2.0400,0.0763,0.2117,2.7662,3.2630,-1.9585,-4.0262,-1.6837,7.3993,21.0396,9.8268,-9.2819,0.9993,0.1878,-0.1340,-239.3058,-3.5082,5.672146671817081,148.0867847774638,158.3222200440403,147.0511651266207,13.699594802961242,19.0189370784661,169.63148668605294,179.15475075749973,171.37138041636078,176.14379562836228
-0.7890,1.8658,-2.1727,1.4500,25.7543,49.7576,2.2160,-25.9063,-43.2006,-1.3230,-4.9647,46.6397,0.6493,0.0521,-0.0453,37.7322,7.0372,-0.0715,-2.5014,0.1123,0.1585,3.5673,3.2931,-2.8893,-8.6115,-1.6129,10.0733,-62.9745,15.0877,-6.6353,1.7360,0.2598,-0.1065,-5.9249,-10.4636,125.21944195757303,133.73360838608878,169.20587982472762,157.64890376425402,16.658282061252528,19.10248745015947,173.14053767018206,176.63809991144163,177.43632833626253,177.9389081496343
-1.1556,2.7808,-2.8952,2.8855,6.1702,8.9122,2.0854,-21.8675,7.6565,-0.8091,-27.8366,-44.5694,0.9665,0.0816,0.0069,2.6626,8.0736,-0.0624,-3.4998,0.1050,-0.0233,2.1423,4.6932,-2.5917,-7.6702,-2.7730,26.6373,17.6986,17.3648,-6.6703,0.8674,0.0337,-0.0623,-2.2956,-84.7135,143.23002406325986,139.80579963281394,162.26795715818173,167.2952859593791,15.586860480450504,14.646705934803954,171.65397907365895,170.97957487833142,175.41877267851478,176.8317554078684
0.4112,-4.8136,-4.2133,1.8744,-0.5674,12.7880,1.3031,-18.7488,8.0718,-1.0712,18.4286,-14.6060,-2.6935,0.0171,-0.0189,2.5865,10.6805,-0.0254,-2.9810,0.0099,0.0674,2.6785,3.7130,-2.6222,-5.5608,-1.1654,-3.5220,21.7163,21.5978,-7.1416,3.0917,0.0279,-0.0892,-2.3964,22.8847,40.060322510562344,65.14679051083252,127.54243015335362,167.42866693348753,13.319885827496707,18.126490522222735,170.73441212810684,172.47560874430576,173.43239913128198,178.1651963803868
0.4726,-28.6112,-4.7496,1.9396,-3.5911,11.9169,2.2725,-20.3572,6.8804,-0.9446,6.5217,-18.9644,-3.9072,0.0354,-0.0316,2.0367,10.2540,-0.0449,-3.2902,0.0177,0.0206,2.4584,3.2641,-1.8425,-5.2689,-0.2963,3.2424,20.9958,-108.1714,-4.6101,2.3701,0.0861,-0.1032,-2.0690,3.0820,178.79523577978398,46.72574789578674,3.3221073997694095,179.0562387114389,17.808676884059594,19.845187503174017,171.41155392363638,172.39101851042483,177.5112333946104,177.9301434013593
1.0159,-5.0162,-10.9267,2.3129,-2.4474,10.7904,2.2222,-23.3693,4.3043,-0.7647,5.8416,-17.4375,-3.5945,0.0378,-0.0064,1.4950,9.9025,-0.0578,-3.2010,0.0135,0.0237,3.0605,3.5607,-1.7877,-5.0110,0.2895,-2.9127,18.5804,-44.4775,-4.5160,2.3862,0.0786,-0.0816,-2.2016,9.9598,173.32177700741437,38.81497548102211,9.73893223442055,170.04661001593837,18.252385659246254,18.137161243489093,170.9513627466383,172.25495885184867,178.00579910277295,177.7859221974423
-0.1760,1.0426,-5.6246,2.8556,-11.1661,14.4183,2.3405,-20.8862,5.7182,-0.9695,-51.0134,-11.3812,-10.1597,0.0637,0.0182,1.7545,9.1573,-0.0135,-3.1834,0.1066,0.0402,2.4093,4.8893,-1.7652,-4.5631,-3.2955,-2.4765,70.1366,-14.0661,-9.7310,3.1147,0.0788,-0.0031,-2.8417,305.6820,0.5038486675063378,99.79207599724867,179.2502268411947,168.6282376517637,12.099506366336115,14.300346728760196,168.74647836989408,173.2913851443808,179.04511110911292,176.84939638039006
-0.0808,8.7016,-3.1812,3.5448,-3.7246,19.5340,2.5837,-20.8040,6.6714,-0.9000,6.9190,-11.7936,-3.0327,0.0402,-0.0149,1.8880,9.0764,-0.0064,-3.0575,0.0990,0.0237,2.6738,3.4526,-2.0661,-4.8433,-1.4412,-1.2195,62.1219,-10.8455,-6.5145,1.4038,0.0239,-0.0674,-2.9519,3.3310,3.220965233595688,77.90809561344832,173.6982666061734,179.44283567326028,15.014224220156995,18.905077099448636,168.86610054581374,174.3174686499076,179.57859164964333,177.99165309921642
2.0967,-46.6779,-3.3840,2.2649,19.7209,19.1279,2.5007,-16.9463,6.4985,-0.9185,0.2871,-11.3529,-6.9123,0.0098,-0.0400,1.8521,9.9335,-0.0041,-3.1413,0.0363,0.0289,3.0578,2.5753,-2.2849,-5.1343,-18.1607,4.1765,59.8727,-11.4448,-5.3518,1.6407,0.0142,-0.1299,-2.8602,-0.0042,168.8653459045776,64.74102155628776,13.486746529990453,110.98216123396153,16.332495327984354,24.598333244288195,169.21759658090485,173.63021843135587,179.95978647887847,177.96419442076424
-25.7913,-5.3621,2.0564,11.7012,-3.4828,17.0096,10.1190,-63.7497,5.9690,-1.5255,-2.6138,-9.6849,-3.0338,-0.2687,-0.3773,1.7639,8.6397,-0.0335,-8.4600,-0.0613,0.0464,1.4828,1.7040,-21.1599,-55.9235,-6.0694,-2.2034,52.0064,-6.0996,-3.4584,2.9026,0.0141,-0.0778,-2.6394,-2.3990,177.77690489538472,159.59170855885787,0.10697520068801719,53.03588708670016,22.729590776784473,31.30588228365951,167.50261322737597,175.73675398551393,176.5846039627786,177.73701133721008
-6.5918,-3.0873,-2.9427,-9.6591,-4.6529,6.1751,-7.6122,-218.5313,1.4199,-1.3878,-2.0279,55.4955,-1.9070,-0.2216,-0.2502,0.0395,11.5359,-0.0936,-13.5597,0.0519,0.1061,1.6157,2.3197,6.6534,11.1250,-3.3917,-3.1170,5.5771,-6.0356,-2.8319,10.3103,0.1872,0.0035,-5.6846,-2.0692,164.45783349719088,162.8332354598735,7.319356406031635,49.11337172722181,24.403248004431216,23.582539947167106,176.07798162051628,170.53920241363633,169.56009579971794,179.03318155689414
-2.0420,-2.9175,-1.8199,-3.0183,-3.3701,8.3986,-4.5457,74.2513,2.5350,-1.4786,-21.1133,22.3405,-2.2325,-0.0011,-0.1389,1.0342,20.5178,-0.0832,-28.7105,0.4371,0.8105,1.8983,2.0414,2.0670,3.7747,19.1174,-3.4687,-6.5867,-13.5040,-0.8102,0.7988,0.7969,0.0531,-1.3574,-2.6851,172.39834408276496,174.33432920399846,34.45805363374285,46.52510320227916,53.77542069813891,25.327142638145943,179.77266537284456,173.98148092868416,173.20191160327323,164.57711266715827
-5.2481,-4.7092,-1.0110,-0.3679,-9.9831,14.7876,-3.5057,-111.2972,4.3155,-0.6310,-37.3526,25.2608,-2.9732,-0.0849,-0.1187,1.4027,29.9229,-0.1087,5.9129,0.6551,-0.1731,1.6341,-1.6640,1.4637,3.0868,-17.9026,-8.5477,-5.1293,-15.7969,2.4746,-10.4410,-7.4469,-0.2044,-0.8196,-5.4067,167.13061244773226,179.69070717471322,152.275585053242,159.47396436312152,159.90986386384517,149.50996015701077,179.64707949618233,175.61650955614707,174.11081867075484,165.0994275183821
-0.7700,4.4088,-0.7300,-1.2112,20.8452,9.1723,-1.1365,-156.4029,1.5006,-1.0558,-6.3790,6.4108,7.7298,-0.5920,-0.6149,0.4924,-51.7443,0.2119,2.2209,-0.8718,0.7789,1.3101,-18.6335,0.5519,1.6288,1.1592,2.0000,-3.8758,-3.8901,-0.8736,-4.5617,1.4945,-0.4182,-1.3339,0.8900,175.37511899978438,100.73505760649657,51.606585114584206,128.59655725712315,47.75291584089923,2.7055978631348623,170.02690409045218,173.411667846658,156.7176085315757,159.31062115122646
-4.0637,2.3852,-4.1775,-2.1848,-6.0027,-56.9264,-0.2500,30.4267,1.3265,-1.7406,-1.0614,-104.9852,7.4067,-0.7418,-0.6943,0.4841,23.5598,0.2855,0.8259,-0.4914,3.1313,0.3681,3.7014,2.3443,5.1831,9.0971,1.0023,-5.4770,-1.9669,-4.0974,-3.5994,3.0146,1.0394,-1.4492,6.0457,162.85267088884203,156.78335828182946,4.257076051805656,5.726341300854186,16.14568570488141,13.235993849083192,177.0237915557835,177.11121704792544,153.59616002709714,170.65922236110427
27.6038,-0.6451,467.0309,-4.5512,-0.0276,12.2326,2.6895,16.6709,11.3452,-1.7923,-3.7053,-38.2624,-0.9018,-0.6981,-0.6754,2.9520,4.7319,-0.0671,4.2139,-0.4240,-0.6648,0.8169,-1.1764,-8.5128,32.3069,-11.8468,0.0112,-10.2406,-26.7716,9.7693,0.7129,-0.7462,-0.5576,-1.5857,-3.1433,139.53605719648522,160.2772593754754,94.26557524421361,157.28267836111996,6.088215186431705,136.2019158273858,166.57017025309148,178.75928927228486,179.35792482437358,169.74926313411794
-1.1726,-0.9650,-26.9434,3.7420,-0.6471,6.6279,2.5208,17.5534,4.7005,-1.7294,-3.0168,-13.1855,-1.4791,-0.3519,-0.4106,2.8815,5.6392,-0.1504,-4.8965,-0.2048,-0.0701,1.3989,-19.1106,-1.7500,-4.4907,-1.3831,0.3529,11.1551,16.5065,7.0424,4.1702,-0.0127,-0.4108,-2.0218,-1.4220,156.96744031691412,174.6582390839731,65.17639566031187,147.87926851188269,1.9740092403677019,6.2559301276843025,165.60717459242966,174.68067041929982,172.19608748689598,176.54271527960148
-0.7136,-1.9070,1.9781,1.4213,-19.4596,6.0328,1.1588,-72.3215,29.5199,-3.1215,-3.9343,-8.0898,-1.3983,-0.1454,-0.2292,55.0121,10.5963,-0.1162,-2.2825,-0.0861,0.0262,2.0374,-13.9857,-0.6695,-1.8225,-1.5036,-4.8748,7.8584,23.6566,20.0911,2.2928,0.0651,-0.1953,14.7156,-2.0129,147.3702749638181,151.93130485886465,174.20880099880097,157.6715586754768,2.541713914272312,3.297596400489221,167.56211243839147,169.79598365357265,170.53273214799103,177.84017230651085
X,X,X,X,X,X,X,X,X,X,X,X,X,X,X,X,X,X,X,X,X,X,X,X,X,X,X,X,X,X,X,X,X,X,X,X,X,X,X,X,X,X,X,X
