#,.\video\forehand_drop_shot\full_step_side_position.wmv,1080,1440,423,210,5
1.9642,0.6824,2.9442,1.2074,-0.9627,-3.5458,3.4380,13.7827,-1.7409,0.9622,-1.6440,25.9216,1.0062,-0.0349,0.0529,-0.3650,14.5027,0.0571,-1.7385,-2.4027,0.5982,-1.7320,516.6245,-0.0340,-0.7934,0.8586,-0.1374,-39.6253,4.1527,-33.7767,6.9871,0.7986,0.3988,2.6087,-1.6454,90.91410499756977,58.26982419585981,135.60594381004645,148.60039770635598,5.640258411768115,4.038907444103173,178.26480756932816,160.10048833451884,168.66992838197328,165.69593109276363
1.3573,0.2675,2.3564,1.1386,-1.0407,-3.3184,3.2619,14.1633,-2.0671,0.8722,-0.2064,15.6453,0.5064,-0.1049,-0.0931,-0.3313,17.6496,-0.0646,-2.3127,-0.5167,0.6689,-2.0304,25.7430,-0.0222,-0.7487,0.8135,-0.4445,-38.3987,4.1535,-349.9530,101.4818,0.8456,0.2809,2.7303,-0.9260,107.000067818623,83.5796466203847,136.3069186749492,130.57630325282764,3.406552535464837,1.814092616707389,179.58563215356116,159.19116023564987,170.12039755466222,164.72161215209766
1.6526,-0.4982,1.5899,0.8692,-1.6741,-3.3426,4.0364,18.4630,-2.9349,0.6660,-0.2414,12.1583,-0.2191,-0.1759,-0.1140,-0.7750,19.7698,-0.1161,-2.6819,-0.8945,0.1991,-2.4898,86.7263,-0.1141,-0.8852,0.9330,-1.3200,-71.5240,3.7689,20.3093,18.1168,0.3037,0.2579,2.9667,-1.1746,133.2107991314511,71.58719331961136,146.32898613627387,138.93104893727565,0.07679203307406116,2.4396317179241587,178.19379729397687,160.24408319469742,169.84211900958596,164.14535442688347
6.7648,-5.4088,-1.4727,-0.4725,-4.2325,3.4649,-1.5669,-66.4815,1.2679,-0.5405,-3.0841,-20.0785,-6.6027,0.0333,0.0376,0.3984,21.0406,-0.2302,2.8109,0.0421,-0.7328,1.0914,0.9760,1.5681,3.9473,-8.6384,-10.1481,27.8137,-4.3412,-1.1313,2.6697,-0.8583,-0.0736,-2.1976,-1.9381,175.31877937418116,144.2991692045313,28.18128958625352,72.98887861279711,44.195686213972905,46.55859000697869,174.42771035242492,163.03959190443854,169.87950211020805,165.9604549866594
3.6281,-2.8705,0.2653,-0.4827,-3.4881,8.4454,-0.8720,12.2609,1.0567,-0.4720,-1.4066,10.7264,-1.8363,-0.2075,-0.1938,0.3502,7.8245,-0.2407,3.0062,-0.0439,0.5368,1.3213,-0.0379,2.3372,5.4619,16.7272,-4.2292,-32.4261,-2.2649,-34.5896,1.4275,0.9747,0.1496,-2.8383,-1.9765,167.42578183270837,137.7532519845736,165.6590808005508,119.00836587084899,171.060923886599,87.50870724461659,178.0430872363089,177.90993495202176,150.85103406692068,171.4808161622385
4.5350,-2.1243,0.3749,-1.1223,-21.4808,12.2965,-0.4050,16.0747,1.0194,-1.0013,-31.8635,6.1973,-12.9336,-0.0772,-0.0831,0.3602,11.1947,-0.0823,2.9109,0.1645,2.1380,1.5332,-7.1117,2.6844,7.4974,-19.6278,8.4850,-11.6581,-2.2458,13.5384,3.4923,2.8745,0.1178,-2.7840,-91.1357,178.24418621781885,166.93626304661782,173.1102146549706,172.62455685420193,179.11985916660134,168.4361302842911,175.93831326283774,178.91046065306583,146.83184125704454,170.44803833858379
0.8524,4.4229,1.9507,-1.5647,15.7514,12.3938,-0.0973,17.7580,0.9874,-1.2860,4.1543,5.8649,84.5156,-0.3961,-0.4384,0.3707,8.4622,-0.0313,2.3992,-0.2130,0.3226,0.9192,-18.2612,3.4005,89.2864,1.8575,4.0242,-6.2081,-2.1119,5.0924,0.0630,0.3543,0.1467,-1.3556,-12.6703,177.04527287275363,125.93016182438578,172.522859260443,178.62175079463682,175.6297642238817,173.6424913021936,177.06331631668576,178.6101339135009,144.9858068701275,166.23651413503572
-0.6477,1.6085,6.8430,-3.6516,3.6428,47.2457,-3.5307,8.7922,1.1293,-3.3069,0.7563,-8.1587,5.1106,-1.2753,-1.3579,0.4288,7.7288,-0.1320,0.7936,-0.9069,0.5491,0.2442,-1.7779,2.8874,6.0308,0.3158,1.3176,-6.7919,-3.5731,73.3384,6.3595,0.9733,-0.4179,-2.0906,3.2886,175.7209001898206,73.98069378280951,14.569270378860343,133.7304492761619,6.591123271988325,144.15519942112815,165.6398608779024,174.72375606957934,171.3527114704249,170.41175329195312
6.6885,-1.3715,3.0558,-77.4545,-0.6130,19.9539,1.6832,15.3878,2.3560,-2.6901,-8.0219,-11.6123,-2.1738,-0.7148,-0.7285,0.9727,4.1747,-0.0669,3.7154,-0.2900,-0.0079,0.5680,-1.4453,-1.8092,-4.8397,18.3646,-0.3802,-5.9793,-15.1470,10.5763,0.6320,0.3540,-0.6585,-1.5126,-4.6880,146.21206356938177,159.45537511114833,63.89272909555896,157.36270592982515,8.069464335588975,141.60314193060316,161.60730336237702,179.1507704102839,178.85525061283892,167.63648165201067
-0.3489,-1.3524,43.1289,5.0303,-0.9526,7.2027,1.3654,19.4277,5.5817,-2.3855,-2.7142,-10.2494,-2.0147,-0.4255,-0.5252,3.0534,4.9001,-0.1370,-6.4262,-0.2406,-0.1846,1.2957,1.6424,-1.1754,-3.1086,-0.7282,-0.0818,-181.0968,25.8047,21.8291,1.0025,-0.1976,-0.5270,-1.1474,-2.0668,160.00676583320998,135.05212478982065,49.01356471978003,122.84491629208026,8.911544282848144,28.389170129673392,162.89303043287558,175.04238442618419,172.20823566541316,171.7794302591465
-0.4460,-1.5657,23.6557,1.3200,-0.0969,6.8680,1.3023,22.6960,5.5307,-2.4385,-2.0639,-9.0751,-2.4542,-0.1391,-0.2485,3.0641,5.3445,-0.1403,-2.0042,-0.2363,-0.0781,1.8840,12.2639,-0.9355,-2.2577,-0.7163,0.1099,5.2816,30.1431,-22.8788,1.2500,-0.0635,-0.2460,-5.5198,-1.8683,117.70138340546103,142.19664593340892,81.9651594977574,147.18018672711545,13.100712558737929,2.138750610746484,163.1139037794436,174.23863830498604,171.8117955094533,177.56295590443713
-0.1475,-1.3963,-6.7459,1.1758,0.3280,21.6842,1.2448,99.5310,22.9312,-2.5944,-1.9864,-5.4286,-1.8176,-0.0435,-0.0482,15.8770,6.1409,-0.0349,-3.0295,0.0640,-0.0043,2.3100,6.0398,-1.1250,-2.3711,-0.4149,0.7566,6.7420,-14.5086,-7.4450,1.1667,-0.0005,-0.0633,705.0256,-1.7306,100.6609072077079,128.4120677193044,100.50790024962612,140.57840980745456,16.89902498679925,8.82544468085896,160.31352215228299,177.9352316137623,173.5053588700692,174.20352598659747
-0.7941,-1.5861,-11.7022,1.0774,-7.6155,51.5371,1.3999,-47.5013,154.1715,-2.5418,-5.9883,-6.3115,-2.0724,-0.1132,-0.1515,16.8223,9.6220,0.0383,-2.1243,-0.0120,0.0078,2.6569,3.1939,-1.1477,-2.3171,-1.3371,6.1990,13.5373,64.3339,-13.4418,0.6481,0.1029,-0.1258,-8.2938,-3.0039,18.278383892390977,146.86475612531794,176.77387649866012,144.20204783365708,10.188053705605002,18.591199809054,165.0634818585831,177.68238483776003,170.10634464834553,176.8868298726922
-0.8880,-0.5074,-41.0096,1.1076,1.2432,25.6685,1.8334,-32.5992,-20.0392,-1.1252,-4.6299,38.5794,-1.6156,-0.0251,-0.0541,-215.3213,7.8119,-0.0750,-2.9846,-0.0078,-0.0425,2.6385,2.9046,-2.4567,-6.4729,-1.5348,2.1572,-87.2571,7.4236,-9.4739,0.9117,-0.0205,-0.1214,-5.3297,-8.6069,70.57014742254226,138.23210572480875,135.16123798622732,154.37490322546844,13.320175847289338,20.75489070959785,174.19009197849428,176.01195764746458,173.81288813968595,177.1123849838506
-1.5627,0.4403,-3.3168,1.7292,1.1909,8.3303,1.5752,-47.3833,3.0038,-0.7661,13.5745,-144.6730,-0.0339,-0.0661,-0.0100,1.1841,7.1310,-0.0947,-3.6165,-0.0215,0.0085,2.1840,3.6633,-1.6575,-4.1359,-8.7331,1.9696,81.9924,8.8056,-5.3178,1.6120,-0.0440,-0.0249,-1.8483,10.0608,128.0802155598225,141.70703790386423,129.32934652515888,170.40803841857888,18.632630184029303,16.47731017304442,171.6212597867263,171.94573328038146,173.12501791580576,173.85351148916521
-10.4866,-2.2478,-31.5320,1.6618,-0.4850,9.7302,1.8572,-21.9874,6.1129,-1.1394,9.3958,-18.4999,-2.1087,-0.0261,-0.0992,1.7938,7.7032,-0.0473,-3.2743,0.0318,0.0633,2.4201,5.6206,-1.7087,-4.1129,6.4413,0.1077,39.5003,13.2441,-5.3759,-19.0791,0.1324,-0.0218,-2.0503,5.2143,141.2453850553492,163.6963047548914,53.58864257219275,179.23180676492274,17.933981947231796,12.692321061506016,169.50936635692955,171.52808147194727,172.5879770302559,175.58233256363377
-5.7747,-3.4998,-14.9513,2.4022,-0.8695,11.9593,1.3738,-18.4819,6.7769,-1.0826,3.9334,-11.0812,-3.0507,0.0479,0.0300,1.8013,9.5621,0.0105,-2.8542,0.0485,0.0377,2.7800,4.4882,-1.9306,-4.2298,2.5280,1.4132,84.1992,17.5908,-5.8269,-8.6495,0.0218,-0.0325,-1.8380,3.2248,149.15507811198637,152.9470817807887,39.255645887548994,175.33215679952292,15.708379945336363,15.657730680172214,168.87318883443825,172.12315607851102,171.58980255128287,175.90067900661407
-4.7382,-2.4360,-6.2410,3.3193,-1.6928,13.1924,1.5204,-21.1132,5.6433,-0.5828,2.6109,-10.8298,-2.4546,0.1159,0.1009,1.6545,9.4606,0.0028,-3.7179,0.0937,0.0313,3.2300,3.5392,-1.2219,-2.6515,3.3588,-1.2668,57.3684,-47.7215,-5.2387,1.6435,-0.0105,-0.0911,-1.9775,1.9357,171.59375976703492,140.76120649813436,19.765069218865452,168.45604787168799,16.84096049993592,18.4891342498983,168.6905206872404,172.9534870171173,175.92485032157037,176.66383651014365
3.0141,-4.1057,34.0111,-17.2036,-2.5835,9.1528,1.6817,-31.8205,5.0425,-0.5110,0.8494,-13.9919,-3.4416,0.2168,0.0938,1.7722,7.7879,-0.0560,-3.8202,0.0906,0.1332,2.9861,3.1776,-1.2357,-2.8220,0.3259,-2.3037,26.0080,-2986.4813,-5.5252,1.3591,0.1405,-0.0596,-2.0519,0.9271,175.0416705940651,28.811339354275244,10.901300823424446,150.30294990464031,17.57582719246506,19.268683645131023,168.59502109327275,171.9648221788327,175.93121786994234,175.96674006632324
2.2776,-4.5580,-6.8593,-8.7463,-2.9796,8.9219,1.7219,-38.0955,4.9009,-0.4608,0.6343,-17.3870,-3.2288,0.2577,0.1451,1.7478,7.9560,-0.1063,-6.4995,0.0948,0.1044,2.6609,2.8353,-1.1829,-2.7512,0.2061,-3.8709,19.1641,52.3415,-4.2157,1.0586,0.0920,-0.0585,-2.1243,0.5509,178.6558991575891,37.44573721055787,5.208316267217345,138.27746427163925,20.508388590964827,20.93114924688011,169.54425552207786,172.10112948667853,175.6137898220921,176.59183006645432
2.0249,-4.0929,-7.2923,1.8142,-2.9536,9.2207,1.6084,-19.1112,5.7874,-0.6027,0.8360,-19.0810,-3.2414,0.1485,0.0919,1.6812,8.9399,-0.0815,-3.1664,0.0773,0.0812,3.1777,2.3399,-1.1148,-2.5537,0.0442,-3.1594,17.7069,251.9833,-3.6294,1.6260,0.0860,-0.0630,-1.9938,0.4416,178.4410317370718,39.89000482663726,3.300108634062944,136.96789143370785,21.786966314079333,26.13521049042294,170.61749993301743,170.8150948259671,176.77260436476124,177.04275124988757
2.0165,-4.2778,-4.5833,1.6161,-2.4506,11.1261,1.5853,-13.2195,6.1487,-1.1258,2.8678,-13.1102,-2.8788,0.1058,0.0490,1.6660,9.5987,-0.0169,-2.5288,-0.0117,0.1029,3.2915,2.1857,-1.1082,-2.5503,2.6334,-4.1576,42.6652,-45.2649,-3.0012,1.9281,0.0892,-0.0546,-1.9389,4.8898,176.95712636753467,165.1810746146912,3.770831333494438,13.027337900146282,24.375530641078907,28.91137583598469,169.69047684992418,170.53816594317692,176.90371501887606,176.206799831752
2.6710,-4.8753,-4.9704,1.5908,-2.6340,11.7531,1.5784,-14.2330,6.2214,-1.3762,-1.5579,-10.3562,-3.1188,0.0642,-0.0297,1.6305,8.8674,0.0026,-2.9249,0.0094,0.0876,3.2998,1.4982,-1.1368,-2.5800,13.0217,-4.8482,87.3546,-40.8495,-2.7725,2.0976,0.1521,-0.0521,-1.9333,-2.7216,176.98865069881006,139.30002251108388,0.9557871873352678,53.896626241813095,26.267771042472983,37.740755949762175,168.0503629434041,171.11781478719038,175.8869123363087,175.79262781121184
4.4314,-5.2145,-2.5972,1.7682,-3.0914,11.4411,2.2198,-14.3955,6.3498,-1.3035,-1.6821,-9.0358,-3.1698,0.0604,-0.0389,1.7545,8.8801,-0.0005,-3.1670,0.0309,0.0848,3.1083,1.3325,-2.6580,-5.6497,-36.5789,-6.1050,74.6277,-14.7486,-2.5391,0.8184,0.1328,-0.0163,-2.0548,-2.0949,179.58397001385788,141.76636381762594,3.571024669070602,62.404345582286126,27.921437577933048,40.86100605654754,167.2596912936932,171.03109211900144,177.5636443304814,175.77253338516724
19.8794,-5.0874,-1.3031,-3.7935,-3.5604,6.9999,-2.9982,91.4688,4.0507,-1.2597,-4.2669,-10.1601,-2.8689,-0.3299,-0.3738,1.4017,6.1094,-0.0946,37.0065,-0.0297,0.0758,1.1129,1.0378,6.6890,10.2741,-17.1134,-8.1417,22.1298,-3.9582,-2.3086,2.0265,0.1424,-0.0357,-2.3292,-1.9604,176.47112697459568,150.09364953344408,7.732469824165144,70.96418557903822,32.716581801261334,43.31120848927383,165.08287921640255,172.49618257888673,171.44263165393238,174.45713382770344
-24.1639,-3.0591,-1.8669,-2.8825,-3.0267,5.0666,-8.8385,93.5035,0.7415,-1.1421,-3.7305,33.0125,-2.3202,-0.1411,-0.2074,-0.1384,10.4756,-0.1296,-37.4492,0.0213,0.1102,1.5927,1.5026,4.5085,7.0850,-6.6328,-3.4243,5.7764,-7.5408,-1.4151,1.1845,0.2199,0.0916,-3.6375,-2.1657,174.96733729059758,157.58470563434523,16.96336922046277,58.42927255734688,40.699681025242676,33.031454720637264,176.28212020457843,169.44780534685808,170.7109393762811,178.65662164669132
19.7915,-2.3314,-1.1259,-5.8750,-3.2926,11.4995,-5.3519,123.4323,2.5537,-1.4871,-6.1518,94.8817,-1.8614,-0.2870,-0.3420,0.9978,12.1639,-0.0801,-20.1465,-0.1593,-0.0767,1.4426,1.9509,2.0620,3.5089,-9.7280,-2.8121,-13.5238,-32.3390,-1.8370,2.0273,-0.0136,0.0722,-1.2220,-2.4618,168.64878554404527,155.00016625719684,11.66799220287715,49.2463652237913,33.261962277231106,26.67486578695511,175.90408454835637,175.4942351117098,177.62499763940903,170.8010784804029
-2.6890,-2.6520,-1.2215,-0.4454,-4.4965,19.0606,-3.8676,146.0604,3.8459,-1.0186,2.4018,16.9134,-2.0214,0.6196,0.5714,1.2986,14.9270,-0.3166,11.6201,-0.1587,0.3779,3.8340,86.1211,1.7178,3.4340,-4.0510,-3.4024,-2.9176,-9.9268,-0.6598,-1.9076,-11.7590,-0.3677,-0.6846,-3.4373,166.21632443715058,175.82142964639002,44.04445645720686,16.886422479729813,60.41531321790125,0.272994884086574,179.55098764485857,177.38904005701613,170.8639006113605,158.07776817740213
-14.8396,-2.4453,-0.5503,-1.4392,-4.7007,-57.2696,-2.9729,44.5092,3.2714,-1.3692,5.4139,8.8119,-1.8847,-0.1938,-0.1092,1.6610,13.0327,-0.4352,3.1792,0.0088,4.2354,2.0312,-2.9893,1.4266,2.9907,15.2382,-3.2089,-2.2992,-11.6686,1.2239,-1.0882,0.8118,-0.1497,-0.2185,235.0111,164.0596982660686,175.90102066599167,128.74014593710677,161.25962198702422,145.13761416898475,160.21635887258594,177.9132935713871,177.71258340448284,168.6273063264396,157.49451650831622
-2.1645,7.7678,-2.2386,-1.5113,-15.9093,-115.9734,-2.3865,-1087.0311,2.6016,-1.5903,54.0022,4.9783,-13.4692,-0.5667,-0.5063,0.9426,41.7059,-0.6340,1.7562,-0.3219,-1.1575,1.2130,10.5764,0.6202,1.6950,-1.7314,3.3755,-2.9740,-11.8134,-0.7617,-5.7268,-0.7990,0.2706,-1.1789,-0.3181,179.35061925301676,132.44059958957607,49.10719379595412,77.75748003139542,54.077405685948406,5.453999712217974,170.01558836013427,179.55867837414414,163.80352071707827,161.9089119494558
-1.4982,4.9352,1.0803,-1.5740,-8.2883,415.5827,-0.6522,21.1434,1.1038,-1.5897,1.8271,27.6216,53.8921,-0.4526,-0.4895,0.3978,17.6348,0.0198,1.5916,-0.6731,-0.6670,1.1608,3.5958,2.0769,5.7684,3.5001,4.0070,-3.0237,-1.8392,0.7094,0.4453,-0.4615,0.7293,-1.1299,-78.7999,172.05733917413755,147.00596381010214,118.47388417137384,163.73144720746345,128.5990600126493,167.16635788612666,178.82785540567554,177.4300235711328,149.39276191984203,161.5620920671439
0.0365,3.0820,-0.9200,62.2436,1.7303,75.0205,-3.3178,16.0045,4.5747,-2.7156,1.5828,-9.8593,2.7247,-0.6995,-0.8574,1.6326,7.1032,0.0399,2.5060,-0.4516,-0.0766,0.4609,-1.1471,6.8762,17.1043,0.8480,7.6836,-3.9961,-3.4467,71.1049,-2.5598,-0.0157,-0.1607,-0.5845,1.4801,170.12886947237163,126.13541619853385,150.78059720552488,104.87400502653435,7.20778396075034,135.34329028272816,166.19491074689518,177.18835520497953,169.6121839162087,165.18707163586598
-17.7860,-1.1071,40.7248,-3.9405,-0.4401,10.8692,2.0156,18.4492,41.0063,-1.5701,-3.3535,-10.6466,-1.2183,-0.4864,-0.5233,4.8847,4.6652,-0.1312,3.8125,-0.5094,-0.4276,0.6826,-0.8241,-4.1613,-10.6044,-6.2346,-0.3049,-4.2576,-22.4336,15.0604,0.1084,-0.3929,-0.8432,-1.3242,-1.8661,153.13312440496847,155.03210984640043,70.04653015875937,157.67690503102352,8.299574359541452,126.38844821736016,162.53576616413855,177.84596262631925,177.18648789659255,161.52580961644136
0.0796,-3.1642,2.7119,-17.3339,-0.7774,6.1050,1.4283,19.2855,12.5724,-1.8130,-0.5483,-8.7422,-4.6307,-0.3452,-0.4424,4.4968,4.6053,-0.1768,-11.1286,-0.2589,-0.0495,1.1003,6.5579,-1.2232,-2.7053,-0.0738,-0.8197,-10.1407,13.5842,7.1960,1.8080,-0.0168,-0.3983,-0.8493,-0.7677,140.04658572215192,137.9374188831905,60.05073671441748,118.84340537742202,4.339478780762341,5.701875905336848,161.2234167086351,173.66577123652533,169.2642151528418,165.06561963072153
0.7191,-1.5042,5.0622,1.5580,-0.4580,9.6140,1.4905,-107.4004,5.7515,-2.0516,-0.4817,-7.5829,-2.1731,-0.1650,-0.2444,3.3900,4.7852,-0.1603,-2.1465,0.0324,-0.0169,2.0159,-129.1424,-0.8752,-2.0877,0.2723,-0.2701,4.4804,33.1374,25.5095,2.9085,-0.0090,-0.0839,-99.1206,-0.7858,139.32090433343828,106.12031857783553,67.63495766903156,128.6046023280184,9.55875085918864,0.0898082057776754,160.6837532689794,173.52824765112896,170.75889639512815,173.35653044340089
-0.0997,-2.9997,12.7577,1.4374,-1.5604,43.5275,1.5249,-28.1630,22.1283,-1.8656,-2.0759,-4.1839,-2.9554,-0.1017,-0.1953,10.5022,6.9963,0.0095,-2.9663,-0.0012,-0.0057,2.2150,5.4826,-1.0840,-2.1135,-0.3720,-1.6729,5.7950,-11.0558,-11.0426,1.2614,0.0425,-0.0409,-14.3555,-1.6978,166.0391326961601,126.1909444100053,27.480129333113343,139.16488949589944,13.308791923739783,12.370422103756777,158.4235484361721,176.65033604782874,171.72618573443097,171.52536675234364
-0.7350,-2.0038,-6.4415,0.9905,-1.2935,-43.2157,1.7688,-24.2089,-26.6478,-1.9720,-3.0017,-8.6767,-2.1241,-0.1419,-0.0478,40.9011,8.1586,-0.0420,-2.6262,0.0591,-0.0462,2.7400,2.5288,-1.0179,-2.3575,-1.1538,-0.6226,16.7509,11.1529,-6.3568,1.0419,-0.0275,-0.0544,-6.0354,-2.9890,167.5040112016124,144.8127999802148,28.766353823045606,139.92580917635706,15.927984724431347,23.94158826505783,166.43771432214336,178.96019601564504,168.30199993274096,175.25802345845125
-0.2613,-0.6615,-4.9223,1.1402,0.6957,1161.5139,1.5596,-26.4725,-147.0387,-1.0322,-2.4951,17.3165,-1.2747,0.0245,-0.0026,79.3529,7.2336,-0.1304,-2.3945,0.0311,-0.0126,4.1670,2.6045,-1.6601,-4.4920,-0.7117,1.5523,6.7143,7.3156,-5.7057,1.2279,0.0443,-0.0502,-11.1729,-4.3012,93.2879526684789,117.73463708577543,114.88513813358543,145.90768317010503,17.811696078223797,23.16731350853369,175.43418889199555,177.78734520485418,175.52130195464176,171.57819155002767
-0.5330,1.6978,-2.4341,1.1687,3.0873,5.8719,1.6658,-59.7169,2.8143,-1.6824,-5.6115,-83.5027,0.6450,0.1622,0.1658,1.0489,6.4798,-0.1140,-2.1770,0.1182,0.2649,3.4072,3.5855,-1.3056,-3.6076,-1.3432,5.7736,11.3655,8.7967,-6.5714,1.5294,0.2289,-0.0374,-3.3426,-12.1489,140.77084628311795,122.76357245743253,153.40011845604374,159.7104906476559,17.42558534588725,16.54337328427433,170.54082681072978,169.375791094395,172.82838223674355,175.36342252292422
-0.1313,-1.2490,-11.6746,1.9474,0.0263,7.7577,1.6121,-30.3109,7.9059,-1.1793,-8.2599,-18.6027,-1.6825,0.0262,0.1012,2.5897,7.0368,-0.0561,-3.2237,0.0435,0.0342,2.1401,4.5003,-1.4598,-3.3382,-1.4209,0.7231,17.1198,401.9676,-5.4104,2.1151,0.0228,-0.0142,-3.4848,-11.8223,119.22173220937758,102.31613867415768,81.03184844616682,162.63700067401484,18.56000808209281,14.41769099663333,168.8348231781638,170.76523526119868,176.78044866792317,175.9977755556134
0.6606,-1.0767,-4.2632,2.2848,-1.0303,14.0949,1.2968,-24.7512,7.5815,-1.0169,6.4876,-12.1301,-1.3210,-0.0035,0.0085,2.1296,9.0952,-0.0302,-3.9077,0.0350,0.0117,2.0141,4.2651,-2.2686,-4.4660,15.8890,0.9540,34.7370,-38.3638,-6.1809,4.7783,-0.0310,-0.0531,-2.6231,4.3219,172.980372608765,43.523765882405364,34.95534574849362,179.83233398107825,15.464629254777215,15.509009255334881,169.0128178287765,173.62818357520854,176.7803517958806,177.59075367763714
-1.6320,-1.9259,-6.6271,3.8540,-1.5575,11.7611,2.0530,-21.2168,8.8640,-0.7684,2.4576,-60.4378,-1.8940,-0.0088,-0.0221,2.0603,10.6112,-0.0021,-3.2951,0.0325,0.0271,2.7901,3.7973,-2.1917,-6.5160,2.2341,0.5127,322.1370,16.0246,-5.6579,2.8830,0.0042,-0.0820,-1.9785,3.0231,175.1303460491775,130.19942114045142,22.68007579783248,176.45030447403514,15.406894116960768,17.452071602328896,173.6684053375536,172.44154979545692,175.48120731725314,175.31789919919714
6.7119,-3.4717,-9.5542,2.8693,-2.3355,6.2319,1.9272,-30.5606,6.0152,-0.7005,0.5548,-19.3997,-2.8315,0.0005,-0.0193,2.1022,9.2138,-0.1080,-3.5204,0.0191,0.0115,2.7225,4.1526,-1.7485,-4.5310,-1.9840,-2.1239,-21.5726,12.4669,-4.8943,3.7325,-0.0185,-0.0162,-1.0630,0.9813,176.27193080542054,37.067755348545695,11.632077037067504,147.99811071515973,17.74195519166325,15.414084075767185,170.85491591444324,169.00967586288445,172.46314760627723,168.2297788836402
-2.3046,-4.5154,-7.3158,2.5322,-3.0674,7.2965,2.0285,-18.5062,4.0273,-0.9699,0.7017,-20.5666,-3.7724,0.0417,0.0894,1.3009,10.1101,-0.0775,-3.4164,0.1237,0.0519,2.4924,4.1920,-1.6233,-4.4621,-0.5388,-3.3534,28.5336,23.2838,-5.2019,9.1693,0.0245,0.0351,-2.3328,0.7642,176.79029567574207,76.0695066111366,7.174727275329208,140.80438750186977,16.53040141475873,16.510099049330265,171.56751260139765,169.10313334040654,174.75707830895914,174.2033411845726
-4.1220,-7.7681,-6.9801,2.4145,-3.4788,10.7683,1.6373,-17.3556,5.5311,-1.2400,0.5872,-9.9185,-5.3655,0.0622,0.0248,1.4389,9.2131,-0.0255,-3.1201,0.0302,0.0143,2.2997,3.6055,-1.5190,-4.0269,-0.4554,-8.3863,61.8701,72.1614,-4.4045,2.4239,0.0561,-0.0465,-1.8660,0.4195,174.51966325848952,80.8798807245536,3.2461269727370667,128.25802287264503,18.986312281038302,18.79902302275574,168.04811308175837,171.39679892971245,173.44887533308625,175.62042525264218
3.5223,-22.9014,-2.0557,1.6443,-5.3013,11.0195,1.3724,-14.0115,5.9116,-1.4197,6.1231,-8.2380,-4.6932,-0.0469,-0.1278,1.5517,10.3944,0.0241,-3.1453,-0.0332,0.0367,2.5696,2.3996,-1.6034,-3.4808,3.6396,7.9861,-545.5038,-240.8036,-3.8814,-0.1545,0.0789,-0.0475,-1.9049,-4.3763,178.65399332613052,151.27913803180786,3.7651158474933655,35.494464111244795,19.942800130018476,26.70546015824344,167.58353657788476,170.73246261664536,173.31674099059236,174.709698157291
3.2491,-10.1547,-3.3375,2.5625,-3.6546,10.7044,1.8006,-27.9209,5.7501,-1.9827,10.1981,-6.7638,-4.6055,-0.2368,-0.3090,1.6905,8.9948,0.0182,-4.0107,-0.0708,0.0075,1.6920,1.6976,-1.9755,-3.7428,3.6210,-21.0623,94.5951,-17.5496,-3.5193,1.9098,0.0957,-0.0370,-2.1193,-9.1186,176.94760857784848,156.63466189477015,0.559151592190789,36.75921090601101,22.206028959753823,32.55202382302571,165.24614617538418,172.6117470262324,174.85125304962685,175.26861410361332
15.1146,-7.0844,-3.6603,6.9107,-4.7823,5.9260,15.8421,-428.1505,4.4486,-1.6040,-2.4222,-10.8914,-3.9862,-0.2977,-0.3678,1.5551,6.4225,-0.0927,-7.9122,-0.1133,0.0125,1.2479,1.2911,-46.0404,-96.1312,-6.7635,-8.3309,10.2020,-4.0671,-3.5531,1.3359,0.0436,-0.0699,-2.5564,-2.1424,177.72777676885903,151.193503394263,3.908150875297985,62.78099291535564,24.568744189904198,37.89355765230889,165.90408079629896,170.2879283304018,171.43232523843324,176.02001518225532
50.1227,-4.3013,-3.6578,-17.2467,-3.5153,5.1298,5.4590,103.4002,1.0543,-1.6436,-4.5213,859.6093,-2.6526,-0.2625,-0.3359,0.1189,8.9554,-0.1640,180.2283,-0.1564,0.0904,0.8371,0.8778,-13.8242,-121.2858,-14.1026,-4.4270,6.2151,-15.5307,-1.6701,1.7559,0.1605,-0.0287,-3.4454,-2.2663,175.22414208026487,155.04763092334042,15.031633013719881,72.53348601773001,37.28281934215304,48.16997628999701,173.6951327751701,169.52325343993246,176.2492394613869,178.10967493495698
-10.3291,-3.0560,-1.1217,-2.5426,-4.3233,9.6861,-4.4572,39.7018,2.5707,-1.1229,-5.2331,27.4544,-2.1745,-0.3167,-0.3889,1.0428,9.2218,-0.1220,13.0531,-0.2213,-0.0954,1.2814,-1.0747,2.5268,4.3286,-6.9988,-4.4501,-11.7777,-18.7330,-2.5865,-0.8653,-0.0569,-0.0566,-1.2804,-9.1301,168.32740700593286,179.27921103723008,8.11404867394453,143.31301633592832,27.3268236464393,135.6195717134486,175.89709972721795,175.54849044375442,174.85833711262651,169.252530188152
3.1462,-3.3458,-4.1472,-1.3742,-4.1519,50.1746,-3.4145,11725.1733,3.4280,-0.8769,42.3487,10.3813,-2.7612,-0.1003,-0.1180,1.3844,9.5739,-0.3032,9.1062,0.0451,0.2320,1.4555,-1.9286,1.7917,3.2129,12.1210,-3.1808,-2.4762,-9.0869,-2.0957,0.2192,0.1390,-0.3140,-0.4014,-26.0567,173.63333104967688,160.16977442182272,11.967578966854981,154.79102486945604,31.47239102860753,152.58832744898507,179.53922961271056,178.86311036476678,168.21781244980562,156.86702702188893
0.6327,-4.7517,-4.1851,-1.1319,-4.2740,-90.4833,-2.1100,78.9132,2.7506,-0.9009,4.4965,6.3975,-4.3907,-0.0506,-0.0006,1.4285,12.0827,-0.3050,12.4893,0.1358,0.0592,2.1936,9.1041,1.6951,3.2185,1.9618,-4.9484,-2.7946,-11.1389,-2.1061,-12.3661,0.1462,-0.0278,-0.5987,3.1508,179.66157708901343,139.93189353980856,12.229635447801181,168.65974283879976,30.129653453880128,5.542236187887742,175.84710124385717,178.64078463826235,165.98589718659485,160.94424205883828
2.2895,8.1659,-2.0028,-1.3763,-5.0398,7.5056,-1.1601,-35.3768,2.1845,-1.3114,16.6378,3.1071,-4.3868,-0.4894,-0.5055,0.7914,88.6365,-0.1859,1.4213,-0.4835,0.6326,0.6626,-28.5072,0.7855,2.0049,26.9685,-0.4885,-2.6496,-4.7172,-1.9524,11.1998,1.1885,0.3439,-1.7209,7.1849,178.38134055840504,164.3290879903175,15.898642732201628,170.06741430194108,27.767833907518032,0.3898906941082734,162.80601404187297,170.79175463167743,150.19059450837636,151.7336386617052
4.4726,35.1986,-0.6959,-1.4399,-7.1204,6.5418,-0.8952,-21.2812,1.7466,-1.3348,8.6556,2.8566,-13.7862,-0.4901,-0.5210,0.6883,270.1542,-0.3785,1.2782,-0.3331,1.7744,0.6150,-24.2474,0.9118,2.0979,4.6741,9.7335,-3.3083,-3.4049,-2.3031,-3.5731,2.5643,1.0203,-1.2960,9.5978,176.15433143401665,173.34519061745144,15.475487665937957,171.69016065959462,23.682013624820602,0.3287121137149069,160.91851770058338,168.61852965806668,144.3390525013403,154.49016487692384
6.0453,18.6582,-3.3349,-1.2697,-8.6647,5.9052,-0.8114,-23.5220,1.4358,-1.1872,9.1432,3.0750,-21.8365,-0.4156,-0.4577,0.5783,123.4990,-0.0983,1.6943,-0.4111,0.7292,0.8444,-17.0973,0.8927,2.0722,5.3071,10.5368,-3.3061,-2.5716,-2.1506,-4.7256,2.6045,0.9773,-1.0837,10.8579,176.03861626831178,175.86938829916954,18.354657298903703,171.3906363204718,25.401988777252356,0.912967746563047,162.4490527962322,167.95414176928892,140.73618777362094,153.5593636795056
6.3727,13.7052,-0.6226,-1.2040,-21.3615,5.0056,-0.7276,-31.6652,1.6635,-1.0817,7.8998,3.5588,-22.6984,-0.3517,-0.4173,0.7603,-141.9068,-1.9529,1.8299,-0.4754,0.8002,0.8980,-21.8683,0.9379,2.3033,6.2289,7.3445,-3.2128,-2.5211,-2.5546,13.8591,1.6993,1.3353,-0.8206,23.4970,179.84235314288256,173.5188226935486,18.697411903279512,174.94482727604012,20.97390168401721,0.80938535837845,163.90137480184913,166.89355615249585,142.66935162676918,151.41354910475184
3.5467,5.8653,-3.2165,-1.3905,-27.6838,5.8415,-0.8321,-29.7029,1.1095,-1.1685,16.8523,4.6465,19.5462,-0.5700,-0.6264,0.5131,1054.2045,-1.3128,1.8744,-0.5601,0.9415,0.8425,-17.0307,1.1974,3.0774,5.4925,5.1223,-3.4069,-2.3095,-2.2215,-3.7472,1.6299,0.4751,-0.8145,587.6387,175.00249658862643,164.35142773992564,22.165611223005097,176.54209033774666,24.288714832533604,1.4321723639225787,167.90860580116737,168.35760517215738,144.4421362598601,153.9277877720395
3.0837,4.2358,-81.4410,-2.0609,26.8905,8.9559,-0.6443,-32.5802,0.8154,-1.4340,10.3935,6.8749,13.4180,-0.8245,-0.8488,0.3090,55.5278,-0.2511,1.9875,-0.6061,1.1627,0.7460,-20.1796,1.5588,5.8049,4.6523,2.5605,-3.2522,-2.1324,-2.1425,-3.3569,1.5649,0.5586,-1.0639,-29.9127,177.86754320232558,160.11804786836623,27.15028136611904,179.07774366207454,26.052283759965366,1.0789178594446787,172.75570084292335,171.87081201972907,146.599781945418,156.5370857514165
6.1168,0.9636,-15.3992,-2.1837,2.1470,15.4080,-0.4117,-59.4051,0.7984,-1.7069,7.4354,11.2866,0.1097,-1.0581,-1.0665,0.2786,87.8455,-0.1834,1.1523,-0.7673,4.1967,0.4186,-20.1053,2.1155,15.9846,7.2733,0.2943,-3.4054,-2.0417,-1.4505,-5.2825,5.4448,0.3007,-1.4908,18.4100,121.23599066419885,173.82429830079434,59.55711291859897,174.04340779220698,35.23485472874837,1.8830402106654596,175.58898365183012,175.3222288570713,148.84227410938243,159.92149884202408
9.4476,0.8850,3.4253,-3.1008,0.3492,-37.5040,-0.2244,125.2153,1.0871,-2.1931,9.3991,34.0693,1.4473,-0.9394,-0.9488,0.4649,41.0594,0.0181,1.0833,-0.6697,0.8784,0.3739,-27.8965,2.8005,-19.6881,9.3881,0.7153,-4.2714,-2.0436,-1.2684,9.5005,1.3208,0.1245,-1.3805,11.0865,143.89298201958363,179.11201495113957,109.00103172081714,172.79290715636986,39.64647243852745,2.5105593809511975,179.7138987316875,178.01507038150143,152.24436394494256,168.35083314426413
4.1848,0.1149,-12.5599,-2.4617,-0.9524,-21.1344,-0.4112,21.6041,1.5519,-1.9693,-3.8002,-18.6323,0.0868,-0.6791,-0.7243,0.6862,20.9895,0.1102,1.0241,-0.7141,0.9660,0.4564,-13.0638,3.2615,-64.1755,-8.7460,-0.2174,-4.5598,-2.5337,-1.7005,-1.6151,1.9138,0.4049,-1.0815,-4.9529,131.43636102278188,155.14616507777487,164.06344027949817,172.9627287722123,33.18650548175315,7.027489536470293,174.20020690192143,174.6408171688026,161.53363454199976,170.33938355920262
21.7959,-2.1492,0.4875,-2.2498,-2.5927,-52.8744,-2.1294,13.7663,1.7836,-1.9399,-9.9504,-9.9542,-3.2358,-0.7122,-0.7827,0.6838,16.9087,0.0721,0.8130,-0.6631,1.6047,0.3368,-16.5203,3.9721,15.3357,-68.9754,-1.8014,-4.6897,-3.1161,-2.5671,-0.9783,4.2239,0.3684,-1.0205,-18.9899,176.0818873047336,174.35871752265604,179.80835785675154,179.55040137593002,24.667605222766344,7.6187148703436,170.87872128286398,174.76177127834956,167.944376384252,169.0464019310932
7.1770,-5.2587,0.7394,-7.0811,-4.8889,115.9497,-2.7052,20.8463,2.1470,-2.8001,619.4703,-11.1891,23.7723,-0.9235,-1.0604,0.8586,18.3187,0.0533,1.5222,-0.6016,-0.0417,0.3853,-4.9680,2.6669,7.6223,6.8105,-2.3627,-5.1327,-3.8860,-3.5561,0.0998,0.1878,0.0142,-1.0994,145.5062,166.03108301684935,172.46163099651145,175.85391129837745,168.2252886177835,18.830851439526036,14.127336081269954,171.76827346788644,177.74774402840663,170.67622278042288,168.48112944164862
-0.1561,26.2673,0.3605,8.2088,138.3917,36.2130,-4.0838,166.2377,2.8071,-3.2486,0.4036,-15.8359,5.1152,-0.7347,-0.7877,1.1052,8.6479,0.1105,3.7770,-0.3371,-0.0353,0.4599,-1.2610,3.8422,9.5370,0.2389,-8.3200,-5.6258,-5.4646,-4.6447,2.4422,0.0386,-0.1088,-1.1011,1.2594,169.35249170720152,119.57803702299357,167.4358191349643,103.13398595492811,18.74626034277844,141.23919152818613,169.79062638054526,178.7628723207606,173.24312464206255,168.33902241724059
-0.0573,4.6110,-0.1275,-5.5019,8.6802,17.0780,-7.7898,127.3448,3.6817,-2.0662,0.9458,-17.4915,2.2640,-0.5885,-0.6708,1.4005,7.1623,0.0872,3.1898,-0.2503,0.1828,0.7753,-1.1265,1.2783,2.0271,0.3279,-37.8839,-5.1251,-8.7857,-5.6929,-0.8317,0.1822,-0.2505,-1.1977,1.5775,162.74074212481966,119.08968286182352,163.46551284990656,106.03206331290957,17.911024851908934,137.95393662541593,168.77963047251825,177.09880161404078,176.77854103388944,165.60823429479296
0.5238,4.0448,-0.1173,-2.9768,5.4446,14.5939,12.7799,52.2920,4.5359,-1.6778,3.8075,-15.2735,2.0461,-0.5968,-0.5967,1.7907,5.8827,0.0600,2.5559,-0.2424,-0.0172,0.7902,-1.2922,-8.2980,-19.9489,1.0901,-31.7752,-4.9505,-17.9754,-8.5407,-0.4417,-0.0414,-0.4205,-1.1598,7.8705,164.36086849835684,124.8864048476353,162.91445902206164,135.02449459469852,16.325673983737452,141.16992045537978,166.60653337155173,177.1756751162828,179.43819983723935,164.66016162253797
4.5094,2.7271,-0.2929,-4.0679,3.7595,15.9170,7.4456,33.8634,6.1475,-1.6240,-8.4821,-13.8742,1.6181,-0.4437,-0.4674,2.5543,5.4447,0.0189,3.5093,-0.2313,-0.0304,0.8546,-1.2353,-2.3906,-4.2823,9.9868,26.0454,-4.0842,-49.3176,-20.0289,0.4363,-0.0017,-0.5546,-0.7807,-5.0928,163.17899794779402,156.38758420108863,162.2461923558774,152.11848540080018,13.265463130522573,139.31805858756377,165.47028642991185,178.09653086282052,177.0390795057425,162.64717267332728
-27.9153,2.2814,-0.3656,-22.7691,2.7720,10.2476,4.3692,41.2427,9.0211,-2.0193,-3.8719,-11.7367,1.3897,-0.4186,-0.4914,3.3400,5.2327,0.0211,-36.8254,-0.2454,-0.0927,0.9968,-1.1976,-2.1324,-3.7541,-7.6671,9.4842,-4.5702,83.1515,-37.2457,0.2628,0.0373,-0.5735,-0.9632,-2.8738,164.09842410957927,162.8648900948479,158.6249128351959,159.32572791540778,12.357129376223885,138.7500477064832,164.31080602258967,175.8154523826884,174.4409673296662,162.0842786429985
-20.5790,1.0313,-1.1920,-8.8416,1.9799,7.1563,3.1645,58.6000,56.7240,-1.6151,-4.2778,-10.6239,0.5100,-0.3670,-0.4315,9.4527,5.2705,-0.0548,7.8844,-0.2802,-0.1342,1.0015,-0.8731,-1.8437,-3.5376,-7.1997,3.6852,-4.7366,31.0778,-259.7273,-0.0368,-0.0303,-0.5845,-1.2949,-2.2558,143.81873841191148,158.87465741895983,152.98228087130997,155.03115863723966,10.963866827501105,130.146161840913,163.8794776666403,173.0227680203491,172.7797555516673,160.12387900986155
-24.6074,0.0830,-1.9519,-4.4697,1.3850,6.1679,2.9241,44.4948,10.9599,-1.5679,-2.7723,-10.9228,-0.3626,-0.3837,-0.3764,5.0298,5.3981,-0.1426,6.2383,-0.1909,-0.1498,0.9961,-0.0984,-1.9323,-3.8575,-5.4771,1.0616,-7.1716,22.1869,42.4291,0.2433,-0.1455,-0.5476,-0.5786,-2.2446,105.89842740262412,158.31342979990058,145.51981196403858,119.63078881539334,9.144957124000017,94.32962829628225,164.27396798332362,172.0782454836047,172.1883974516051,162.8527030750024
-0.3411,-0.9438,-27.4220,-27.6261,0.2399,6.1350,2.5970,49.1542,4.3461,-2.1317,-0.0345,-10.5099,-1.3555,-0.4063,-0.4883,2.6750,5.2941,-0.1321,47.4616,-0.2636,-0.1428,0.9887,0.0536,-1.8603,-3.9547,0.0364,0.1677,-18.0658,17.3059,19.7133,0.0146,-0.0355,-0.4512,-0.9194,-3.7788,112.9273619027331,56.34507583068031,106.39327697128678,101.75671956595508,7.792486117610443,85.7685814914933,163.86828322151553,171.9077838132625,171.2576593139287,167.5740409158607
-0.2770,-1.0216,24.6134,6.1156,-0.0761,5.6336,2.0569,66.9822,3.8684,-2.4522,-0.9672,-10.6547,-1.4794,-0.3233,-0.4441,2.4097,5.4285,-0.1395,-16.1552,-0.3265,-0.1074,1.0964,3.3941,-1.6949,-3.9058,-0.6610,0.6829,139.9585,16.7514,16.6272,1.5075,0.0210,-0.3647,-1.0632,-0.6504,128.40729087978568,162.44307130198175,89.0913195948458,106.6227598504945,6.995812077557968,15.561247869783458,164.20064545386478,170.78986700451094,171.2219015440775,170.34391201022427
0.0623,-1.2029,1719.4444,3.3408,-0.1716,5.1589,1.8354,60.2923,3.6087,-2.0277,-0.9161,-11.5091,-1.9134,-0.3912,-0.4921,2.0959,6.1080,-0.1314,-5.2902,-0.3417,-0.0035,1.0027,10.3550,-1.5794,-3.8758,-0.2724,1.3638,17.6835,20.8146,16.0864,5.2439,0.0717,-0.3479,-1.2044,-0.4778,127.32882995508885,150.8974262450797,83.82073508359194,110.02239923908405,5.74073872184148,4.565846683771873,165.736279293001,169.98006634367536,172.2836323833262,172.26648025669795
-0.3235,-2.5916,5.9168,3.5884,-0.4001,5.2761,1.7558,40.3264,3.6241,-1.5475,-1.6675,-11.4661,-3.9714,-0.2196,-0.3140,1.9967,5.9074,-0.1561,-3.4859,-0.0879,0.0832,1.3871,140.9497,-1.4434,-3.4701,-0.7336,-0.5425,10.9494,38.0613,14.4089,1.5759,0.1268,-0.3401,-2.0653,-0.8825,125.94044584157075,156.49961640726772,72.1630468801495,131.02263413443345,5.6378227403420205,1.014019259379974,165.40775422808497,170.68835160723702,173.5106092129571,174.48612299475573
-0.2826,-2.4575,-5.5987,3.1907,0.1722,5.7603,1.8160,31.8478,3.7308,-1.7267,-1.4535,-10.4318,-3.1342,-0.1824,-0.2847,2.1134,5.5807,-0.1531,-2.8161,0.0203,0.1165,1.6339,-15.9311,-1.3631,-3.2117,-0.5440,1.3086,7.4086,84.8838,20.3395,1.7224,0.2084,-0.3204,-2.6955,-1.1655,97.9252022189944,146.41231511397325,102.58514548440806,142.9616495202596,7.344174647019556,5.390217482501952,164.3654435050055,171.94992870613154,173.84936894804034,177.8386995687588
-0.2630,-2.0090,24.4900,2.6904,0.1168,5.7250,1.6500,34.3732,4.9099,-1.5917,-1.1646,-9.5343,-2.9109,-0.2092,-0.2826,2.9102,6.2406,-0.1804,-2.7286,0.0428,0.0756,1.7014,-13.1893,-1.3042,-3.0607,-0.4667,0.1187,6.1140,1003.9917,24.6156,1.4195,0.1746,-0.2536,-3.2021,-1.3071,102.29649125837821,142.15517507502764,98.98956612481045,146.91763245389993,6.777446238669118,6.0022250833394155,164.9086656032932,171.75830640471796,173.95538109824327,179.38088946064568
-0.1617,-1.3081,-21.8730,2.2605,-0.2400,6.3477,1.7169,43.1687,5.3442,-1.5146,-1.1767,-8.4860,-2.0935,-0.1924,-0.2741,3.1970,6.0240,-0.1823,-2.4972,0.0489,0.0656,1.7765,-11.2030,-1.2804,-2.9323,-0.4243,0.2166,5.1177,-143.1981,-51.1688,1.6131,0.1218,-0.1615,-4.5327,-1.1806,129.02690368233792,139.44974910850667,75.38546709798649,144.83490649402174,10.544868065046114,6.427813089973692,163.85391543650448,172.37440420222052,173.6792941534166,177.89640049145066
-0.0487,-0.8977,-16.6248,1.7831,-0.3873,7.4512,1.8241,72.7095,7.3987,-1.4969,-0.9696,-7.8943,-1.4086,-0.1738,-0.2428,4.5280,5.9853,-0.1622,-2.5282,0.0418,0.0422,1.6759,-9.9018,-1.1831,-2.6334,-0.2876,0.1985,4.5515,-42.2516,-13.7517,2.1698,0.0834,-0.0674,-10.2335,-1.0792,146.54287939242354,135.60502624893695,64.6698524910514,142.9477632793668,13.644238567274249,6.554818542664273,163.29544120027072,173.144127035323,174.13635673547995,175.2523204144566
0.0808,-0.6945,-2.8209,1.6414,-0.5795,7.6719,1.9208,-239.0188,11.7101,-1.2542,-0.8695,-6.9781,-0.9846,-0.1631,-0.1887,10.4215,6.2446,-0.1232,-3.2052,0.0077,-0.0127,1.7027,-17.3805,-1.0748,-2.2685,-0.1850,0.2680,4.7885,-26.8672,-5.1149,2.2645,0.0309,-0.0191,16.9101,-1.0069,165.53377083563925,130.1832702518095,48.84736123796431,138.49077325822913,20.160258196159713,3.0532176970497518,162.74679804757005,172.3338930987144,173.97633317928464,175.63066839514747
-0.0183,-1.2565,-6.7233,1.7286,-1.0698,9.6068,1.8447,-103.1031,-121.0819,-1.3271,-1.4061,-6.0674,-1.4650,-0.1383,-0.1765,-23.2079,6.4628,-0.0936,-3.2768,-0.0365,-0.0964,2.0562,-28.9211,-1.1243,-2.2812,-0.3089,0.0514,5.0947,-15.9032,-6.4545,2.0265,-0.0498,0.0193,12.6854,-1.0161,171.24751878333257,135.5888935901898,34.2625554000653,137.43767698570258,17.602504693377576,1.4246196327110456,161.84521597792062,173.50160625102507,174.23894785805797,174.8377583986777
0.1349,-4.2369,16.1455,1.7237,0.5828,14.8908,1.8495,-79.6456,-11.9998,-1.4253,-1.2522,-5.2800,-2.8773,-0.1089,-0.1344,-6.2524,7.1194,-0.0601,-2.8725,0.0033,-0.0332,2.2185,-101.9036,-1.1654,-2.2323,-0.2335,-0.8041,5.4034,-11.6135,244.0907,2.9108,0.0047,0.0387,9.0597,-0.9800,101.06934454368319,127.89562293614014,59.531411156296606,134.9825052208842,7.760829911609332,0.15710972174339805,161.28008808173192,175.4386954983705,174.1970587379138,173.3569326299987
11.4065,-4.0322,-0.4038,2.1718,-2.7366,9.7723,2.5672,-72.0405,2.4960,-1.0955,-6.4786,-40.1423,-2.8202,0.0305,-0.0057,0.9845,10.0813,-0.1129,-2.5025,-0.0426,0.0621,2.3596,1.3734,-8.4220,21.7214,-35.8577,-20.1270,-32.4722,87.2671,-4.1599,3.5397,0.0045,0.0268,-1.6458,-2.1512,179.45036029443185,150.05777473387855,6.55643333488782,60.991368018021426,19.18175776313876,36.85469622945795,172.90815076774447,173.36196772674737,177.9164521815316,172.39334593632645
-5.4437,-2.6188,-1.8867,-3.1277,-3.9280,8.9668,-10.6324,-830.5602,1.5638,-1.0758,-2.1672,-54.8531,-2.0676,-0.0155,-0.0373,0.6200,10.9784,-0.1317,23.6823,0.0469,0.2271,1.3467,1.1964,2.4133,4.0070,-3.3358,-2.8982,-9.7819,-18.2953,-2.6910,2.4720,0.2429,-0.0334,-1.7140,-1.6325,168.4719801222227,158.91964285801643,6.102797956270487,71.37859921197446,25.590287302304766,39.95815579671445,173.75101002955785,173.56750966051825,177.91580809098403,167.7994444171288
11.0290,-2.2719,-0.5703,-1.8338,-4.9994,11.9549,-4.9866,-63.2076,1.4197,-1.0953,-5.7732,46.9062,-1.7207,-0.1748,-0.2609,0.5975,15.0438,-0.0483,7.0922,-0.2738,0.2250,1.3452,-1.4945,1.6535,2.9915,-7.3406,-4.0530,-18.6228,-6.3667,-2.0074,0.8498,0.3802,0.0358,-1.7248,-6.8364,161.1480625133013,166.49716141703698,15.168914310343492,154.53531466784173,30.28321316185711,147.11970066364304,177.41829863838956,174.31207478107194,169.85238244851752,172.14477524453335
316.4836,-4.0621,-2.6801,-0.6064,-7.0195,6.8056,-2.2867,-88.4351,1.6425,-0.5014,-16.4709,18.8696,-2.6041,0.2819,0.4317,0.7191,44.5422,-0.1483,5.1671,0.4353,-0.3704,2.0670,-2.9914,0.9016,2.1605,23.1810,-5.1109,-4.9041,-6.5934,1.9613,0.1240,-1.2345,-0.3694,-1.2762,-29.7051,167.10047170529344,177.89087078534928,144.87614197807673,163.44345902994323,154.27004094437947,162.16322535208337,178.25253800684473,170.99308631423418,168.34227359734925,160.1157463172203
-25.3363,4.4640,-2.2030,-1.2427,-22.3559,12.8132,-1.8853,76.8707,2.0722,-1.2555,-6.9718,16.3619,5.8292,-0.3259,-0.7010,0.8582,35.3787,-0.2348,3.0232,-0.1230,-0.2705,1.6060,-5.8202,1.2228,2.6836,-6.0667,2.6791,-11.9597,-6.2115,13.9636,-2.5888,-0.4041,-0.4252,-1.5580,-16.2242,167.70448547493856,178.73320178981962,173.34257214892233,173.77800381001083,177.5228231949707,169.50565396566267,178.12163739822418,176.28274951481862,167.3568811961803,170.7578363274181
-4.3681,5.1113,21.0486,-2.0212,-5.5374,7.6889,-1.2800,37.7092,1.6396,-1.8501,-1.5122,6.2833,8.8409,-1.1185,-1.1338,0.5776,69.8492,-0.1453,1.3673,-0.6901,-1.1443,1.1463,7.1925,0.8464,1.9503,8.1852,3.0822,-5.3571,-4.9616,-2.1075,-9.7690,-1.2694,2.2165,-1.5510,-2.0736,163.30996716181738,167.1489715476339,15.14749803479634,33.66083375302293,26.204430740263067,6.396211110310747,171.77728349594247,174.1089263497289,159.561781822913,162.0163471342934
-0.9040,0.0084,0.3655,-2.9181,-4.6029,-24.1680,-0.6002,21.2788,1.5558,-2.2928,0.0636,24.9157,0.2104,-1.2537,-1.2078,0.8300,11.5227,0.4265,0.6015,-0.5666,-3.5638,0.1034,3.9202,0.8146,1.4558,-0.7818,-0.1246,-1.9915,-3.9321,-1.1636,-1.4826,-2.0922,0.8912,-2.6183,-1.5433,90.3749484698897,165.0564457770062,28.419481842319826,47.25216476024436,45.63683449255136,11.619728184851036,177.33835994782888,174.93998922209065,163.43291282958955,155.70605898441295
5.2663,-0.6752,21.7700,-7.7787,-0.3518,10.3049,6.4078,21.2302,3.8599,-1.9563,-3.7155,-14.1123,-1.3429,-0.6120,-0.6894,1.5836,4.7999,0.0193,2.8945,-0.3652,-0.7632,0.6513,-1.9687,-2.8835,-4.8773,-826.1847,-0.0753,-12.2928,-20.1049,6.3191,0.0583,-0.8554,-0.6948,-1.4941,-4.3994,146.05609712938104,156.44231019491613,79.61064427258626,165.87713746713857,2.7761093120892837,150.3744287117186,164.17822365386147,177.1540900633032,178.79426752607702,169.80663544753244
-0.1171,0.5233,6.9424,1.4608,0.9822,5.9548,2.9533,26.5815,5.1800,-1.4131,-1.7772,-13.1311,-0.5863,-0.1442,-0.2126,2.4987,5.4725,-0.1844,-3.8174,-0.2395,-0.1653,1.5332,42.3587,-2.0409,-4.6285,-0.3629,1.6151,-1081.4917,25.5770,6.4868,3.6841,-0.1544,-0.4134,-1.5309,-1.4121,105.1299186191053,131.98199181535674,143.2486389160614,143.3435333304716,1.5918378205843948,0.8020755268541248,165.28954251248092,172.62156659549498,173.40603856651688,170.41413049355677
0.4920,1.9813,-9.1671,1.3087,2.0368,10.4480,1.7664,-44.9932,9.2901,-1.3779,-1.3853,-11.7240,1.2219,-0.1700,-0.1939,5.3581,8.0211,-0.0616,-3.4385,-0.0920,-0.0777,1.7825,-31.3699,-1.5538,-3.5483,-0.1357,3.6064,5.5488,-25.6319,-28.2150,6.2470,-0.0375,0.0151,-67.6709,-0.9784,166.85339230425333,109.42601761283765,151.82074071672824,136.20073648050706,9.136261178778447,0.5526157947304277,168.0183199881668,173.2595466285146,177.3589399119477,175.25113315032422
-0.3063,10.0595,-3.6227,0.9872,-2.3356,-41.0564,1.7125,-21.8929,16.0317,-1.8942,-1.8910,-6.6438,-1.8049,-0.1706,-0.1959,6.3289,8.0259,0.0224,-2.4994,-0.1173,-0.0609,2.3785,4.2204,-1.1934,-2.0443,-0.5741,-1.6783,8.2267,-1538.3127,-18.5104,1.0126,-0.0634,-0.0444,-11.7413,-1.5099,5.809735629663662,140.54634610107354,159.91371111413207,133.15402829739332,10.194617658097412,15.945359623318359,164.33802226515644,178.77998519605387,171.47755946296706,171.67411851783422
-0.5419,-2.0126,-48.3875,1.1493,0.8050,1966.2815,1.6734,-45.0434,-4.8752,-1.6444,-4.1834,19.8974,-2.1685,-0.0088,-0.0309,-3.1947,6.7202,-0.1168,-2.3200,0.0791,0.0003,2.8906,2.4849,-2.7960,-10.7875,-1.2514,2.0070,10.1306,8.2112,-10.2195,1.2174,0.0300,-0.1607,8.1550,-4.8050,75.92364227201115,130.20932549751183,123.24440247953987,146.32215778343445,14.052541165248696,23.19321199065493,174.41333073616858,178.69905647652405,175.93358261895463,174.39169815529687
-0.3730,0.1620,-15.1879,1.5376,1.8844,6.8428,2.0886,-45.7570,3.9879,-1.2143,-11.0498,46.9564,-0.6295,0.1738,0.0804,1.7536,6.7000,-0.1371,-3.0446,0.1742,0.2071,2.8474,3.7364,-2.6113,-9.6939,-1.2961,2.9937,11.3530,10.3027,-8.4450,1.7645,0.1533,-0.1321,-3.7081,94.8947,85.7643868530056,109.85268642711259,145.29338680979058,165.62031007833505,15.24203891520994,16.235425537280488,172.73111968377907,170.43370856255345,175.67610967286566,176.71946010922355
-0.7872,-1.8848,-9.2054,2.3241,-0.5168,14.0120,1.6774,-27.0602,6.7900,-1.1490,-11.4473,-15.5378,-2.6695,0.0149,-0.0549,2.1369,8.0559,-0.0193,-3.9848,-0.0636,-0.0072,2.0461,4.7147,-2.5303,-6.5492,-2.6592,1.4073,23.4272,1211.2416,-6.5462,2.9759,-0.0434,-0.1126,-2.9987,14.5562,137.86729546221125,124.27918812973746,53.98311689287575,171.95479893506146,15.76140678748277,14.091593797191823,169.24151297248056,173.80149164735997,176.27026874483292,178.3620771582772
-2.4543,-2.6762,-13.8142,3.8595,-0.6903,15.4546,1.9451,-24.3965,7.6468,-0.7266,4.7542,-14.6466,-2.7608,0.0069,0.0123,2.3236,9.3871,-0.0151,-3.1384,0.0103,0.0228,2.9645,3.5685,-2.3538,-5.6546,31.4710,1.9042,74.6483,-113.9909,-10.7183,0.4236,0.0711,-0.0902,-2.8341,6.7513,144.52708422338358,149.40620247080372,50.054009952794146,172.77079838562352,11.410919953180445,18.001737856068264,170.01341188638514,173.95057677744543,176.59679378780802,177.06528606122808
-0.0248,-20.0426,-10.0144,3.7847,-1.9513,15.4985,2.0335,-39.5066,8.8087,-0.6321,1.5080,-19.7556,-4.8585,0.1524,0.0834,2.4401,8.1367,-0.1135,-3.8064,0.0052,0.0419,2.5852,3.2919,-2.4038,-6.6899,1.5623,1.7032,37.6828,-38.6653,-8.0139,1.4730,0.0425,-0.1086,-2.7559,1.7356,164.49677868324073,61.468183535307446,20.021012072335605,166.94795048629126,14.119291022482253,18.347612613898733,170.09570985954554,174.858272966153,178.58374983693255,177.82836758446487
1.9107,-5.3614,-1.6327,2.0724,-3.0691,12.2123,1.9987,-26.7781,3.4588,-0.7177,0.5426,-18.7037,-2.0356,0.1616,0.0642,1.3590,8.7616,-0.0789,-3.9484,-0.0020,0.0591,2.6171,2.4007,-2.7730,-8.9058,-1159.2500,4.2705,31.3504,-46.8134,-4.3199,2.2505,0.0189,-0.0768,-2.1441,1.1336,171.88462755295132,13.79103446028967,5.013765101896813,161.19620067285086,19.544786678483327,24.752636262431274,170.4283664139399,173.18012352121696,178.16331178332234,177.1457513553356
1.2410,-3.3479,-3.8469,2.0667,-2.9990,11.2820,2.3905,-15.6071,3.2752,-1.6350,-1.8404,-14.6888,-2.7504,-0.0587,-0.1506,1.2517,10.0256,-0.0494,-3.3296,-0.1569,0.0381,2.2735,1.2590,-3.3176,-10.1472,2.3891,-3.2183,87.1215,-22.0609,-2.5991,1.1693,0.0809,-0.0480,-2.1849,-3.0709,178.46066616069265,123.10197347310992,2.603208718621933,56.49598232893223,26.740153451904455,42.12494768503215,170.4092748596634,171.26859005934136,178.70074616284373,175.59233181539477
-420.9592,-2.7667,-1.8824,4.2765,-3.0093,8.9322,-10.2191,38.6353,3.3781,-1.3786,-2.8913,-15.4227,-1.9125,-0.1083,-0.1445,1.2859,7.2247,-0.1457,-3.0431,-0.0391,0.0869,1.7836,1.5975,8.5522,13.8447,-6.4559,-2.9957,23.1035,-5.3074,-2.2317,1.3953,0.0979,-0.0121,-2.6273,-1.4507,170.778038302826,145.5560724386058,5.754622419468413,66.6255598169556,32.01703208802579,30.56286440637032,168.40967135400052,175.09472394401496,173.03948707446645,176.09047675487767
-3.4250,-2.7192,-1.3585,-3.1560,-4.4848,5.2393,-8.2965,94.3584,1.2842,-1.2331,-2.9199,-101.5980,-2.0215,-0.2763,-0.3653,0.3424,14.8781,-0.0575,217.5638,-0.0835,0.2033,1.5105,1.4708,4.8479,8.1568,-2.9791,-3.3857,-32.8744,-10.0888,-2.7671,-3.0940,0.3045,0.1459,-2.1930,-3.2670,166.2489077231504,179.25708867210042,7.299541420821857,51.23092053362252,23.714816023248073,33.60469256671327,175.59084053872985,169.80132764654113,174.903274605781,167.45180209254318
6.3855,-3.2581,-0.8306,-1.7323,-5.6132,6.4228,-2.9396,44.7544,2.2417,-1.5272,12.5905,38.9474,-2.4064,-0.5768,-0.7686,0.8723,22.2467,-0.1293,2.4524,0.1158,-73.2558,1.5708,-4.9451,2.2922,4.0753,10.8088,-8.1636,-5.3881,-6.0542,0.7880,4.7995,9.2291,0.1370,-1.0754,-12.9056,167.53524943762548,166.66873609416277,118.13740377161056,172.99844833954944,130.8124423744036,167.28767821925126,178.89704493921724,172.43037372085723,169.15013165482426,160.63616789150754
6.2035,2.9785,-2.2004,-1.4075,1.7210,12.0018,-0.7497,100.5880,1.3743,-0.9930,0.8930,7.5277,122.7663,-0.3738,-0.4998,0.5923,38.1634,0.2300,2.9746,-0.3974,0.1469,1.0660,-4.9767,1.8540,9.0092,12.6208,1.8364,-4.0720,-3.0614,5.3424,-7.5052,0.2068,-0.2523,-1.3209,-39.0811,150.30768140382594,169.37691930779934,160.44296979418363,170.1042541697263,170.89899909704948,168.0689114741449,173.93398400440935,175.80666488814364,154.34332572000605,161.4395464022938
-2.8173,3.1682,1.1886,-5.6731,5.9604,-124.4033,-1.1284,17.7758,1.6140,-3.1641,-0.5493,-17.5038,1.7527,-1.2351,-1.2620,0.6840,12.4460,-0.1089,1.6397,-0.8972,-0.6055,0.2755,3.9348,1.9369,4.2103,-1.0021,4.6300,-5.6357,-3.2575,-13.5887,0.4119,-0.4419,-0.3650,-0.9979,-56.5048,159.8177019580623,18.528096044281906,166.26712009264673,15.273289720478248,8.802524594722422,11.03954963038399,172.13654936570083,176.31959711391605,166.2040279540589,170.39868633484556
0.0635,-1.0110,-4.2039,6.1645,-0.8811,14.9813,2.3069,24.6787,11.7926,-1.6166,0.3098,-27.0393,-1.1984,-0.2923,-0.2812,3.4908,4.8469,-0.1423,-52.0246,-0.4798,-0.1362,1.2834,-0.0379,-2.7697,-6.5128,-0.0112,-0.5786,-10.4675,34.4485,7.7883,-0.1302,-0.1462,-0.5301,-2.0775,0.0150,171.2266517682872,177.2269989449433,55.9338323161797,176.96966905125433,4.34094822898479,89.84791825736171,166.22437705716254,178.50158584286277,176.21921942075988,170.72406142673876
-0.6497,-0.4257,-7.7642,2.1421,0.6636,11.2253,1.9117,34.4703,5.4974,-1.5313,-3.3750,-15.9836,-0.6571,-0.1515,-0.1982,3.0060,5.1970,-0.1614,-4.1287,-0.1055,-0.0527,1.7688,9.8795,-1.2121,-3.3519,-0.9899,0.9068,6.0664,14.6980,-47.0925,0.4225,-0.0461,-0.1917,-4.3736,-3.8241,113.12478308215391,137.66542213610055,122.349951275495,159.565628520671,12.108086382078264,4.118068780650867,165.52839160636773,176.57097306045014,172.52779912424873,175.73020015089685
-0.1134,-0.2191,-3.4464,1.9251,0.3564,-76.2272,1.6585,-36.2110,17.6595,-2.3773,-2.2605,-10.2168,-0.4400,-0.0917,-0.1130,12.6885,7.4101,-0.0423,-3.3569,-0.0293,-0.0280,1.9259,19.6885,-1.4306,-3.1194,-0.5227,0.4406,7.2661,36.9960,-11.7048,1.5322,0.0488,-0.0856,59.5749,-1.6402,136.63079985430434,127.83710520827245,104.73435611890261,145.72293514032737,12.568850642908,4.4894905325695635,166.72418257160095,179.1697288335276,172.86150230194798,171.41230017584596
-0.9060,-1.9790,-4.3484,1.0114,-1.8945,-50.4738,1.2725,-28.9219,36.0292,-2.1550,-6.0077,-20.3152,-2.4560,0.0912,0.0406,23.0403,7.5444,0.0245,-2.0400,0.0763,0.2117,2.7662,3.2630,-1.9585,-4.0262,-1.6837,7.3993,21.0396,9.8268,-9.2819,0.9993,0.1878,-0.1340,-239.3058,-3.5082,5.672146671817081,148.0867847774638,158.3222200440403,147.0511651266207,13.699594802961242,19.0189370784661,169.63148668605294,179.15475075749973,171.37138041636078,176.14379562836228
-0.7890,1.8658,-2.1727,1.4500,25.7543,49.7576,2.2160,-25.9063,-43.2006,-1.3230,-4.9647,46.6397,0.6493,0.0521,-0.0453,37.7322,7.0372,-0.0715,-2.5014,0.1123,0.1585,3.5673,3.2931,-2.8893,-8.6115,-1.6129,10.0733,-62.9745,15.0877,-6.6353,1.7360,0.2598,-0.1065,-5.9249,-10.4636,125.21944195757303,133.73360838608878,169.20587982472762,157.64890376425402,16.658282061252528,19.10248745015947,173.14053767018206,176.63809991144163,177.43632833626253,177.9389081496343
-1.1556,2.7808,-2.8952,2.8855,6.1702,8.9122,2.0854,-21.8675,7.6565,-0.8091,-27.8366,-44.5694,0.9665,0.0816,0.0069,2.6626,8.0736,-0.0624,-3.4998,0.1050,-0.0233,2.1423,4.6932,-2.5917,-7.6702,-2.7730,26.6373,17.6986,17.3648,-6.6703,0.8674,0.0337,-0.0623,-2.2956,-84.7135,143.23002406325986,139.80579963281394,162.26795715818173,167.2952859593791,15.586860480450504,14.646705934803954,171.65397907365895,170.97957487833142,175.41877267851478,176.8317554078684
0.4112,-4.8136,-4.2133,1.8744,-0.5674,12.7880,1.3031,-18.7488,8.0718,-1.0712,18.4286,-14.6060,-2.6935,0.0171,-0.0189,2.5865,10.6805,-0.0254,-2.9810,0.0099,0.0674,2.6785,3.7130,-2.6222,-5.5608,-1.1654,-3.5220,21.7163,21.5978,-7.1416,3.0917,0.0279,-0.0892,-2.3964,22.8847,40.060322510562344,65.14679051083252,127.54243015335362,167.42866693348753,13.319885827496707,18.126490522222735,170.73441212810684,172.47560874430576,173.43239913128198,178.1651963803868
0.4726,-28.6112,-4.7496,1.9396,-3.5911,11.9169,2.2725,-20.3572,6.8804,-0.9446,6.5217,-18.9644,-3.9072,0.0354,-0.0316,2.0367,10.2540,-0.0449,-3.2902,0.0177,0.0206,2.4584,3.2641,-1.8425,-5.2689,-0.2963,3.2424,20.9958,-108.1714,-4.6101,2.3701,0.0861,-0.1032,-2.0690,3.0820,178.79523577978398,46.72574789578674,3.3221073997694095,179.0562387114389,17.808676884059594,19.845187503174017,171.41155392363638,172.39101851042483,177.5112333946104,177.9301434013593
1.0159,-5.0162,-10.9267,2.3129,-2.4474,10.7904,2.2222,-23.3693,4.3043,-0.7647,5.8416,-17.4375,-3.5945,0.0378,-0.0064,1.4950,9.9025,-0.0578,-3.2010,0.0135,0.0237,3.0605,3.5607,-1.7877,-5.0110,0.2895,-2.9127,18.5804,-44.4775,-4.5160,2.3862,0.0786,-0.0816,-2.2016,9.9598,173.32177700741437,38.81497548102211,9.73893223442055,170.04661001593837,18.252385659246254,18.137161243489093,170.9513627466383,172.25495885184867,178.00579910277295,177.7859221974423
-0.1760,1.0426,-5.6246,2.8556,-11.1661,14.4183,2.3405,-20.8862,5.7182,-0.9695,-51.0134,-11.3812,-10.1597,0.0637,0.0182,1.7545,9.1573,-0.0135,-3.1834,0.1066,0.0402,2.4093,4.8893,-1.7652,-4.5631,-3.2955,-2.4765,70.1366,-14.0661,-9.7310,3.1147,0.0788,-0.0031,-2.8417,305.6820,0.5038486675063378,99.79207599724867,179.2502268411947,168.6282376517637,12.099506366336115,14.300346728760196,168.74647836989408,173.2913851443808,179.04511110911292,176.84939638039006
-0.0808,8.7016,-3.1812,3.5448,-3.7246,19.5340,2.5837,-20.8040,6.6714,-0.9000,6.9190,-11.7936,-3.0327,0.0402,-0.0149,1.8880,9.0764,-0.0064,-3.0575,0.0990,0.0237,2.6738,3.4526,-2.0661,-4.8433,-1.4412,-1.2195,62.1219,-10.8455,-6.5145,1.4038,0.0239,-0.0674,-2.9519,3.3310,3.220965233595688,77.90809561344832,173.6982666061734,179.44283567326028,15.014224220156995,18.905077099448636,168.86610054581374,174.3174686499076,179.57859164964333,177.99165309921642
2.0967,-46.6779,-3.3840,2.2649,19.7209,19.1279,2.5007,-16.9463,6.4985,-0.9185,0.2871,-11.3529,-6.9123,0.0098,-0.0400,1.8521,9.9335,-0.0041,-3.1413,0.0363,0.0289,3.0578,2.5753,-2.2849,-5.1343,-18.1607,4.1765,59.8727,-11.4448,-5.3518,1.6407,0.0142,-0.1299,-2.8602,-0.0042,168.8653459045776,64.74102155628776,13.486746529990453,110.98216123396153,16.332495327984354,24.598333244288195,169.21759658090485,173.63021843135587,179.95978647887847,177.96419442076424
-25.7913,-5.3621,2.0564,11.7012,-3.4828,17.0096,10.1190,-63.7497,5.9690,-1.5255,-2.6138,-9.6849,-3.0338,-0.2687,-0.3773,1.7639,8.6397,-0.0335,-8.4600,-0.0613,0.0464,1.4828,1.7040,-21.1599,-55.9235,-6.0694,-2.2034,52.0064,-6.0996,-3.4584,2.9026,0.0141,-0.0778,-2.6394,-2.3990,177.77690489538472,159.59170855885787,0.10697520068801719,53.03588708670016,22.729590776784473,31.30588228365951,167.50261322737597,175.73675398551393,176.5846039627786,177.73701133721008
-6.5918,-3.0873,-2.9427,-9.6591,-4.6529,6.1751,-7.6122,-218.5313,1.4199,-1.3878,-2.0279,55.4955,-1.9070,-0.2216,-0.2502,0.0395,11.5359,-0.0936,-13.5597,0.0519,0.1061,1.6157,2.3197,6.6534,11.1250,-3.3917,-3.1170,5.5771,-6.0356,-2.8319,10.3103,0.1872,0.0035,-5.6846,-2.0692,164.45783349719088,162.8332354598735,7.319356406031635,49.11337172722181,24.403248004431216,23.582539947167106,176.07798162051628,170.53920241363633,169.56009579971794,179.03318155689414
-2.0420,-2.9175,-1.8199,-3.0183,-3.3701,8.3986,-4.5457,74.2513,2.5350,-1.4786,-21.1133,22.3405,-2.2325,-0.0011,-0.1389,1.0342,20.5178,-0.0832,-28.7105,0.4371,0.8105,1.8983,2.0414,2.0670,3.7747,19.1174,-3.4687,-6.5867,-13.5040,-0.8102,0.7988,0.7969,0.0531,-1.3574,-2.6851,172.39834408276496,174.33432920399846,34.45805363374285,46.52510320227916,53.77542069813891,25.327142638145943,179.77266537284456,173.98148092868416,173.20191160327323,164.57711266715827
-5.2481,-4.7092,-1.0110,-0.3679,-9.9831,14.7876,-3.5057,-111.2972,4.3155,-0.6310,-37.3526,25.2608,-2.9732,-0.0849,-0.1187,1.4027,29.9229,-0.1087,5.9129,0.6551,-0.1731,1.6341,-1.6640,1.4637,3.0868,-17.9026,-8.5477,-5.1293,-15.7969,2.4746,-10.4410,-7.4469,-0.2044,-0.8196,-5.4067,167.13061244773226,179.69070717471322,152.275585053242,159.47396436312152,159.90986386384517,149.50996015701077,179.64707949618233,175.61650955614707,174.11081867075484,165.0994275183821
-0.7700,4.4088,-0.7300,-1.2112,20.8452,9.1723,-1.1365,-156.4029,1.5006,-1.0558,-6.3790,6.4108,7.7298,-0.5920,-0.6149,0.4924,-51.7443,0.2119,2.2209,-0.8718,0.7789,1.3101,-18.6335,0.5519,1.6288,1.1592,2.0000,-3.8758,-3.8901,-0.8736,-4.5617,1.4945,-0.4182,-1.3339,0.8900,175.37511899978438,100.73505760649657,51.606585114584206,128.59655725712315,47.75291584089923,2.7055978631348623,170.02690409045218,173.411667846658,156.7176085315757,159.31062115122646
-4.0637,2.3852,-4.1775,-2.1848,-6.0027,-56.9264,-0.2500,30.4267,1.3265,-1.7406,-1.0614,-104.9852,7.4067,-0.7418,-0.6943,0.4841,23.5598,0.2855,0.8259,-0.4914,3.1313,0.3681,3.7014,2.3443,5.1831,9.0971,1.0023,-5.4770,-1.9669,-4.0974,-3.5994,3.0146,1.0394,-1.4492,6.0457,162.85267088884203,156.78335828182946,4.257076051805656,5.726341300854186,16.14568570488141,13.235993849083192,177.0237915557835,177.11121704792544,153.59616002709714,170.65922236110427
27.6038,-0.6451,467.0309,-4.5512,-0.0276,12.2326,2.6895,16.6709,11.3452,-1.7923,-3.7053,-38.2624,-0.9018,-0.6981,-0.6754,2.9520,4.7319,-0.0671,4.2139,-0.4240,-0.6648,0.8169,-1.1764,-8.5128,32.3069,-11.8468,0.0112,-10.2406,-26.7716,9.7693,0.7129,-0.7462,-0.5576,-1.5857,-3.1433,139.53605719648522,160.2772593754754,94.26557524421361,157.28267836111996,6.088215186431705,136.2019158273858,166.57017025309148,178.75928927228486,179.35792482437358,169.74926313411794
-1.1726,-0.9650,-26.9434,3.7420,-0.6471,6.6279,2.5208,17.5534,4.7005,-1.7294,-3.0168,-13.1855,-1.4791,-0.3519,-0.4106,2.8815,5.6392,-0.1504,-4.8965,-0.2048,-0.0701,1.3989,-19.1106,-1.7500,-4.4907,-1.3831,0.3529,11.1551,16.5065,7.0424,4.1702,-0.0127,-0.4108,-2.0218,-1.4220,156.96744031691412,174.6582390839731,65.17639566031187,147.87926851188269,1.9740092403677019,6.2559301276843025,165.60717459242966,174.68067041929982,172.19608748689598,176.54271527960148
-0.7136,-1.9070,1.9781,1.4213,-19.4596,6.0328,1.1588,-72.3215,29.5199,-3.1215,-3.9343,-8.0898,-1.3983,-0.1454,-0.2292,55.0121,10.5963,-0.1162,-2.2825,-0.0861,0.0262,2.0374,-13.9857,-0.6695,-1.8225,-1.5036,-4.8748,7.8584,23.6566,20.0911,2.2928,0.0651,-0.1953,14.7156,-2.0129,147.3702749638181,151.93130485886465,174.20880099880097,157.6715586754768,2.541713914272312,3.297596400489221,167.56211243839147,169.79598365357265,170.53273214799103,177.84017230651085
X,X,X,X,X,X,X,X,X,X,X,X,X,X,X,X,X,X,X,X,X,X,X,X,X,X,X,X,X,X,X,X,X,X,X,X,X,X,X,X,X,X,X,X
1.0083,5.2774,21.8088,0.6608,2.0563,-107.1161,1.9307,63.7868,-1.7504,1.0183,0.3445,-93.7711,11.3487,-0.2272,-0.1550,-0.6936,9.1324,-0.0385,-1.7576,-0.1834,-0.1048,-6.6042,4.2099,-0.5973,-1.5266,0.8903,3.2426,11.9018,10.5887,-4.6401,4.7026,-0.0954,-0.3699,5.3712,0.4605,159.1017803663158,159.49037780933477,38.0958075667475,51.911899482632236,18.41098336053977,12.463986490299817,173.13997302378493,178.56695617396105,173.99397453459173,174.66234492575086
0.9255,12.7192,-1.2807,1.0402,2.7376,19.5940,2.0659,-96.8480,-4.6336,2.4029,1.0329,-33.8556,-24.1492,-0.0612,-0.1835,-2.3046,12.7426,-0.0614,-1.4604,-0.0546,0.0228,-5.6183,2.1378,-0.4506,-1.3521,1.1047,5.1086,3.9828,13.2802,-2.1110,1.5200,0.0918,-0.2324,14.1313,1.0033,157.56211942303025,177.6907335360497,45.41380386746147,19.83736825096842,29.834331447498155,25.66054131750435,173.82094304578678,176.4867974364192,174.0018847700226,168.8272716037295
0.8587,-9.2405,-0.9880,0.6843,8.6340,7.3204,1.8460,-38.6648,-13.1486,0.8151,1.6398,-5.0731,-3.0462,0.4688,0.3576,-6.3533,10.3858,-0.0338,-1.4606,0.0769,0.0608,-3.5190,0.9454,-0.3572,-1.2001,1.2373,7.7414,4.8331,17.2198,-0.7106,-0.0138,0.1111,-0.1824,16.2454,1.5132,155.2192871315532,164.11310550208347,61.20910987652961,13.147123782890475,60.102275064473545,48.08813061254756,163.34918712167345,170.73973172515062,165.52541754853934,176.0887715663235
1.0941,-4.0966,-0.3982,0.9713,69.3071,11.8660,1.1845,-25.7226,-3.7684,1.0789,3.3542,-4.6438,-2.3245,-0.0100,-0.0340,-2.7481,10.2691,-0.0002,-1.0883,0.0782,0.0919,-3.4834,0.7755,-0.9543,-2.0307,1.6573,-113.0296,10.7900,10.3687,-0.4163,0.4876,0.1648,-0.0392,-9.5054,3.5620,155.895760596406,153.25435479516602,68.22703860306797,36.52489733283753,72.96231231191597,54.43270748533915,162.2856213897576,172.95647948549302,162.33872807240698,179.52224439824883
2.1437,-3.4868,-0.4117,1.2334,-51.9291,9.1051,1.0817,-17.4456,24.0512,1.5216,18.8591,-23.2433,-1.9651,0.1325,0.0883,6.8293,11.6312,-0.0469,-0.9372,0.2798,0.2629,-4.2621,1.3418,-2.8850,-9.4164,3.7701,-13.8481,31.2304,5.5057,-0.1322,0.7097,0.3260,0.1280,-3.6969,9.6251,154.13299978601938,160.92359665907694,81.36610374419129,30.763809347579127,87.3832731259243,39.97590914345737,172.62251002578626,170.4517384505319,167.24204975186072,175.56638773710006
4.2018,-3.9453,-0.5608,1.5358,19.8270,6.9559,0.8385,-12.5501,10.5176,1.8670,-11.1160,-32.0700,-2.2377,0.1858,-0.0028,5.8295,13.5667,-0.0694,-0.7963,0.3458,0.6457,-3.6163,2.1273,-1.3079,-2.8089,11.8785,-58.9232,8.4267,6.0422,-0.0227,1.4880,0.6743,0.1693,-4.4399,-19.8116,153.0337289001795,163.72351519708135,91.58612885121445,28.066975831744763,92.91444505444842,29.733145511253046,173.99833965922164,167.2632643140607,168.81665043137386,178.5866520954107
7.9767,3.7375,-1.6594,1.4155,2.2236,13.0454,0.7962,-7.9545,-101.0446,2.0925,-11.9716,-8.8458,5.9270,0.0751,0.0062,-104.6815,39.4552,-0.0171,-0.7341,0.3146,0.5216,-4.1448,2.8776,-1.8033,-4.2413,46.8027,2.3018,8.2783,8.6979,0.1763,3.4541,0.4978,0.2962,-88.1507,-7.4039,165.36189802247588,165.16231857836246,124.21138138484119,26.854962251056868,101.44844928354485,26.32821964826892,172.09835856411652,168.45120384566815,166.99167782152423,177.49565775091003
6.2460,2.0378,-1.2648,2.1720,0.7494,21.9457,0.8269,-8.5789,14.5058,3.7828,-12.8022,-4.9099,2.1863,0.1315,0.1266,5.6673,35.7080,0.0884,-0.6016,0.3925,0.6639,-2.7857,2.4903,-2.1034,-4.1460,18.0451,1.5151,16.3488,-80.3335,0.0181,2.5202,0.6974,0.3438,-3.4773,-6.6601,151.4255592540028,162.3648743472664,144.18790096652543,30.417739011983716,92.63828007823031,28.527336387130074,166.8838983075631,170.74231387185324,169.20123204421475,179.10876207191237
1.3175,0.2684,9.7816,1.5247,-0.3161,32.6475,1.1887,-9.5736,-22.8415,6.0414,116.4244,-10.6746,0.4165,0.0115,-0.0282,-15.8788,21.3422,0.0660,-0.8444,0.3615,0.3575,-4.9066,-0.2819,-1.0897,-2.4567,3.3960,-0.1040,10.3083,3.3871,-1.0803,-0.2635,0.4033,-0.1299,30.3950,5.2542,139.84632735195905,153.57714505131747,150.33207777886577,94.96700050287012,45.47313351871554,111.70605364237743,171.96547706675926,172.28243320470744,158.19941095285083,176.2135492786558
-36.1586,0.9542,5.4725,0.7117,0.3484,-15.9010,0.9812,33.1966,-4.2331,0.9096,4.6831,-23.0064,1.0138,0.9621,0.9553,-1.6853,29.1456,-0.7959,-2.5929,-1.9434,-0.6118,-2.4890,1.5250,-0.4361,-1.1372,14.9440,0.6524,2.5912,3.5323,-4.9584,-0.7988,-0.8841,-9.5758,0.8916,5.7721,153.81452371437473,168.5870474543203,82.19593617249588,156.57484260729913,13.36737245719785,148.47149008489103,175.54606037663052,174.6760320892673,161.70437432414053,155.2988453970948
-1.8308,-1.5622,-0.9296,0.8094,-0.9741,-3.4740,0.7376,8.3225,-4.7534,0.7466,-1.0198,-6.1528,-1.8932,-0.1688,-0.4446,-1.7833,14.7657,0.1577,-1.3349,0.2733,0.1169,-2.1007,-1.3117,-1.0295,-2.3605,-0.9689,-1.2651,2.0650,3.2394,-6.8092,-1.1148,0.1272,0.8769,0.3309,-0.8271,162.09296452055645,158.23909866321085,142.60408793039886,166.9157739251463,12.229130882341474,44.171605442491995,166.89412387776005,157.0897546245043,153.61323181029184,138.10169991580082
2.5434,2.2427,2.0377,0.8625,-0.1073,-3.4749,3.4172,11.0318,-0.9747,0.8734,7.1699,-13.7970,2.1637,0.0025,0.0154,-0.2813,15.1280,-0.0336,-1.6343,0.9503,0.3163,-1.9704,-11.0908,-0.1168,-0.7949,22.1852,2.6425,24.3973,3.6178,4.8532,-4.1269,0.1948,0.3471,1.8669,3.3311,108.67751872087739,4.753801570380653,84.48440717533367,21.86216112494194,7.860929104033633,10.331678442433516,172.0725897261101,158.76585997922228,160.4032761043308,161.59826723186382
-2.2741,0.9721,1.2175,0.7490,0.4080,-3.3397,4.5844,17.1866,-0.7153,0.6902,-10.6444,13.6847,0.8917,-0.1922,-0.1686,-0.0763,47.4629,-0.0439,-2.2513,-2.9429,0.1467,-2.2833,-15.3804,0.0110,-0.8595,-7.1304,0.6489,10.9976,3.4340,5.4387,-4.9937,0.1478,0.0452,1.9419,-0.1541,160.47163369401633,57.5016026503048,57.387993598542984,102.4812751606006,9.211468281607294,7.050013315031556,177.0275780831731,160.00091219026407,167.94350118408806,158.13534223711895
-1.7662,1.0874,80.6395,0.8936,-0.8648,-6.9409,3.5316,52.9573,-0.8796,0.7678,-7.4413,-68.2067,0.5909,-0.4233,-0.2794,-0.1920,48.5305,-0.1107,-2.3519,0.4967,0.0917,-2.7239,-29.1472,-0.2185,-1.0038,-2.3403,-0.8406,14.3351,3.7447,-25.5013,0.5302,0.2536,0.2620,1.2373,-2.5082,108.56899277766107,172.21869688547218,133.09853509757409,160.22805941484094,3.4260760175883105,3.0467657340688867,177.97958198916132,170.719867906768,164.20832524970916,167.81123700356082
-0.3561,2.2838,5.5032,0.6196,-0.4483,-4.1519,3.7159,22.1576,-1.0392,0.5554,-1.5210,-8.2727,4.6326,-0.3153,-0.2372,-0.1924,17.1001,0.0185,-2.6521,0.6709,0.0185,-3.4515,-30.1566,0.2421,-0.8254,-0.5799,1.7632,6.9875,10.3945,212.9905,1.3418,0.0916,0.5360,2.0909,-1.4128,78.03599999892664,144.8929034659281,113.87599789274543,146.6077094427276,3.07778937150746,4.483325087425554,169.76073683226107,163.87405908109554,167.61231484509008,158.3137151703993
0.9554,0.7575,1.7450,0.6020,-0.6996,-4.8514,8.6262,32.9865,-1.1411,0.5500,-0.1966,-13.7381,1.0269,-0.4100,-0.3707,-0.3025,16.7498,0.0576,-2.4583,0.2750,0.0020,-3.5364,57.0438,-0.0643,-0.6989,0.5285,-0.1457,151.3778,7.7540,-461.2336,11.1044,-0.0097,0.7066,1.2969,-0.7502,99.26507500818374,99.42764345736767,125.09991993671036,125.87441992734423,3.5408494324334887,0.7321022080575076,172.4201531780257,166.61660558642333,168.4881664432536,167.9745322334767
0.5797,1.0205,2.8964,0.6571,-0.1037,-6.5506,4.9467,27.4048,-0.8316,0.5232,-0.3785,-15.7377,0.8675,-0.2668,-0.3652,0.4067,25.5260,-0.1412,-2.4796,0.9308,0.1090,-2.8222,24.1107,0.0475,-0.6774,0.2946,0.4668,-538.1432,4.5487,-29.5543,5.2197,0.0283,0.0992,3.2732,-0.3554,133.13990203005724,130.3328517725145,97.85607674567774,107.19083993356014,4.181381911766211,0.28520268257965936,174.12077145846547,169.2306096215011,163.96526407267604,171.42687383745016
0.7876,0.9949,2.4254,0.6932,0.1860,-7.2222,1.8914,34.2743,-0.9411,0.5585,-0.3414,-10.3968,1.0488,-0.1492,-0.1645,-0.1244,32.4929,-0.1205,-2.7374,3.1345,0.0190,-2.8408,-170.4516,-0.1897,-1.0820,0.4399,0.6322,19.2289,4.0932,-12.5504,12.6784,0.0068,0.1426,1.1763,-0.2215,144.17110701197808,129.28774473554193,84.02044544714322,102.82567090851768,6.31840625683013,2.0073449212796177,172.74320192491078,170.44564735386479,160.77726298266228,169.13986708057365
2.7492,0.9863,2.6345,0.6216,0.1056,-8.0408,2.3819,36.1253,-0.4745,0.4997,0.2597,-17.5361,1.1203,-0.1716,-0.1882,-0.0358,23.7843,-0.1776,-2.5862,0.3025,-0.0385,-3.0299,-39.8636,-0.1778,-1.0530,1.7781,0.5379,24.7722,5.1513,-10.8108,-7.5236,-0.0167,0.1896,0.9365,-0.0363,137.77977730543208,107.9072169634458,89.25656951542928,93.51813660039039,7.692381579475911,3.0226174154886385,174.32867704608583,171.32516875574353,165.7503050495064,170.59914215037483
0.8765,0.6482,1.9116,0.5494,0.1113,-7.3273,2.4454,58.0335,-0.4738,0.4409,-0.5365,227.6560,0.6537,-0.1881,-0.1678,-0.1301,37.0656,-0.2514,-2.7569,0.7525,-0.1020,-3.1062,-90.1542,-0.0349,-0.8357,0.3649,0.3031,25.5461,7.2294,-9.5654,17.1262,-0.0669,0.0811,0.6693,-0.3465,153.1797353419674,119.6570211930912,89.61586019826987,109.74493152558392,7.513634905737088,1.6226950826961224,178.7062559791318,171.24136129036052,172.376279233238,169.98685401214766
0.3837,-0.3930,2.8092,0.3995,-0.3434,-5.0308,3.1815,153.4556,-0.4932,0.3761,-0.6921,35.0487,-0.2892,-0.3457,-0.4082,-0.1111,18.4537,-0.2284,-2.5596,-0.3291,-0.1416,-3.0527,10.1010,-0.0590,-0.8929,-0.0641,-1.1044,15.5533,9.2041,-18.3908,3.6699,-0.1502,0.3348,0.7001,-0.6221,177.17494793870222,127.11902948417594,112.06691482071002,116.23308573822732,6.214190182483343,5.280521699776648,178.53250907427295,168.38426369963898,175.4335848429734,165.0788497721075
0.4147,-0.2456,2.4116,0.3968,-0.6609,-7.3777,2.9068,-72.5219,-0.4835,0.3689,-0.5939,26.7954,-0.0493,-0.5527,-0.4907,-0.0840,21.1937,-0.3270,-2.5643,-0.0255,-0.1405,-3.6014,9.6896,-0.0684,-0.8917,0.0189,-0.8123,38.8138,6.9068,125.4398,3.8750,-0.1298,1.0608,0.6975,-0.7432,149.36297948433685,120.8571170057876,123.00376389047901,120.72686240529302,2.244677713312612,6.682275707742605,179.43585119417034,173.07098781398994,173.8989304100846,170.8051469053612
0.6265,0.3383,1.5072,0.5826,-0.5595,-9.5660,2.3106,29.7282,-0.4473,0.5269,-0.4214,50.3176,0.2451,-0.2241,-0.2250,-0.0233,21.9170,-0.3130,-2.1154,-0.1897,-0.0263,-2.8284,38.3279,-0.0580,-0.8073,0.2854,-0.2577,187.1933,6.1797,-62.6690,6.4219,0.0112,0.0390,0.9690,-0.5497,136.99877400192418,119.13623448967951,120.1420069037853,117.30262643223952,3.5265901125632895,0.4320489123205005,178.52612439748165,172.10557039639943,171.9465862241869,173.72608880074722
2.0525,1.1716,3.5950,0.6369,0.1652,-8.2708,1.7577,62.2504,-0.6989,0.5887,0.0313,-18.9689,1.3303,-0.3049,-0.3503,0.1300,22.9169,-0.1942,-1.9802,0.1341,0.0760,-2.4404,-37.6188,-0.1888,-1.0120,1.2302,0.8268,48.6234,4.0999,-13.3152,-9.3811,0.0877,0.2241,1.1015,0.0001,136.3152101122217,115.98054153388311,84.9125055908066,91.51807941722957,6.79354186688106,2.4430331583932223,174.48371317875666,172.18565060881906,163.27490234610065,171.92778581728797
3.7844,3.6893,-1.2589,0.7244,0.7773,-4.2216,1.1757,-52.2337,-1.4131,0.6307,1.1718,-32.9897,12.4564,-0.1184,-0.2955,-0.4504,25.2550,3.2143,-1.5123,0.0137,0.1801,-2.0712,35.3393,-0.5853,-1.4586,2.8060,1.8056,90.2023,2.2140,-10.3898,-3.5852,0.1718,-0.2883,1.7779,0.3457,132.4484208619023,123.87255293933539,57.63912431515715,69.30816617795763,7.765202800868348,2.7176529604341573,175.99624638650764,167.77044504733624,153.95667836603855,166.03850103201606
0.7832,12.0494,-1.8594,1.3016,2.6332,-5.1223,1.4826,-37.0387,-1.1911,1.6255,0.7911,13.4606,-25.5960,-0.1202,-0.1794,-0.3802,8.5515,0.0443,-1.3464,0.0164,0.1573,-5.9142,1.8030,-0.3246,-1.0391,0.8693,4.3248,-6.2347,3.5226,-3.3309,1.1118,0.2257,-0.2976,24.5396,0.7149,156.96762490274475,177.4940690651608,37.50603171948558,25.425042743708044,23.38078319864018,30.56012529115802,177.57895294713703,170.49993525845,168.4005626509318,178.06557240216785
0.9299,-30.7415,-0.8140,0.9764,6.5622,-8.0528,1.2056,-25.3918,-1.5465,1.1356,1.5685,23.8179,-4.5580,0.4512,0.2921,-0.5900,6.2195,0.1269,-1.1639,0.3190,0.2866,-4.0858,0.5569,-0.3233,-1.4327,1.3460,6.2948,10.4747,9.0546,-0.5675,0.5129,0.2826,-0.1096,2.3019,1.1732,158.96111867865676,173.36255155905832,69.08937270354211,20.444099752029384,69.55890995646963,63.14195047867378,173.27009844207257,175.176560614303,176.1018992433637,167.46785173072223
1.4411,-4.8262,-0.5857,1.1718,16.5836,147.5253,1.5127,-27.3413,-5.6430,1.3604,4.3322,51.0187,-2.3721,0.1438,0.0885,-2.9048,8.5042,-0.0827,-1.0488,0.1895,0.1681,-4.2642,0.9108,-0.4658,-1.1634,2.1326,109.4535,5.0506,6.6007,-0.2810,0.5082,0.2336,0.0377,3.9017,3.5157,153.69025723742558,161.12049335965847,77.75615877922114,31.795346756933796,81.01192109684659,49.76787455520736,174.41634644886085,177.51698388847328,172.50810738294493,169.1889639838943
2.4384,-7.0747,-0.3816,1.5042,5.2111,11.8037,0.9914,-12.4553,-29.3566,2.0975,-52.4208,-8.8079,-3.0576,0.3663,0.4870,-61.7708,14.7798,0.0093,-0.7542,0.4011,0.4323,-3.1722,1.5566,-1.0703,-2.2983,5.0885,11.3704,13.6984,4.4239,-0.1863,0.7332,0.4464,0.2019,-12.0519,15.9474,151.02652059963424,161.28921195812205,90.31098922399579,29.130312840482876,83.31883816306221,37.308690678203476,169.65197599282962,170.56720995868054,160.78523867886503,179.3327617800368
4.4056,5.3795,-1.2426,1.2509,1.9193,14.6309,0.9309,-9.2735,-104.7910,1.4102,-17.8426,-3.7174,11.4182,0.4156,0.4727,32.4169,47.5963,0.0862,-0.8768,0.3555,0.3311,-3.0380,2.1996,-1.3691,-2.4669,12.5721,2.7932,8.6535,20.7787,0.1133,2.3282,0.4030,0.3178,-7.8850,-23.7121,157.48480973845253,164.79672716978814,123.9827583877534,26.862991907275365,97.66599660045688,30.602796090714286,163.7398947552435,169.93531125089768,162.18819550568915,177.31814101887986
3.0029,1.8740,-1.5894,1.6304,0.7663,6.6083,1.3307,-7.4869,-240.7500,2.8911,-11.1427,-3.1489,2.0158,0.3807,0.2928,51.5800,141.0779,0.1132,-0.5501,0.8287,0.4338,-1.9766,2.0516,-0.7974,-1.5746,7.9122,1.3613,5.9252,52.6604,0.2434,0.9306,0.5901,0.3364,-13.3102,-13.3967,153.8465716296781,157.31243416020413,156.21848863820233,30.25491207124501,104.08620390363274,33.59370911013932,161.97553128225198,163.787223973386,161.29375974461786,179.02543351859558
2.0786,-0.5551,1.7687,1.5221,-0.6850,6.1022,2.2444,-7.7384,15.6802,2.1064,-24.6076,-6.9256,-0.5591,0.0006,-0.1488,-135.6539,106.9610,0.0093,-0.7217,0.4475,0.4194,-2.2418,-0.2435,-0.1795,-1.2895,5.9360,-0.7019,2.4935,11.9094,-1.8583,0.3435,0.4772,0.0079,2.3483,13.2800,174.79929897984837,158.61430523457602,152.69674912477643,99.37770065571999,28.821444218217078,111.04729293079768,171.24805732185186,163.33004837360536,166.98400072080508,167.45371721044125
-11.4685,-0.4731,0.7143,1.6461,-1.1345,-23.2210,2.6092,11.3493,32.2825,1.5827,2.9946,-5.7863,-0.4446,0.7920,0.9530,-3.7303,46.1814,0.0175,-0.7009,0.0438,0.6248,-0.9039,0.8558,0.0061,-0.8843,98.4968,-0.6750,1.3342,7.4377,-15.1213,-0.3012,0.6472,3.6532,-0.0926,1.9760,155.36500337479916,148.1736369021104,142.3882269682699,157.40028963680834,5.024030899386947,135.59261192723886,168.95436438701444,172.49872719780825,162.53729066006673,140.68213808350993
-0.4043,-0.8310,1.1257,1.1858,-1.7810,-6.8724,2.0670,8.8103,-1.9284,0.9134,-0.6283,-4.8957,-0.7065,-0.0038,0.0141,-0.6581,17.1920,0.1302,-1.8726,-0.3074,0.4964,-1.7855,-2.0359,-0.2116,-1.0202,-0.3305,-1.4329,2.8775,4.3124,-52.2200,2.0750,0.5859,0.4861,0.9608,-1.2491,154.55342079314426,150.69451695412963,151.7840116750822,167.4785177767656,4.426008577104073,32.63501540316023,165.1265865259784,165.24547733094906,155.40007910986435,152.55770027689192
4.8433,-0.4065,0.7826,0.7857,-1.4048,-4.2725,2.2569,11.1775,-0.9781,0.6276,8.0093,-25.9334,-0.2978,-0.1511,-0.1287,-0.0955,67.0338,0.0152,-3.1675,-0.4651,0.3404,-2.6272,-28.0409,-0.1537,-0.8821,8.0630,-2.4165,-22.2289,5.8521,4.5327,7.5267,0.4368,0.1123,2.4966,-4.9899,142.02809124411655,157.0017977140627,132.11360689766522,170.71012507950743,11.58661222243361,7.154815088088255,176.93708100741136,161.714517637288,168.09475367063544,169.40269907544837
1.9841,-0.0873,1.0122,0.7540,-0.5220,-3.9008,5.6475,16.7621,-0.9740,0.4973,-29.8992,19.5018,0.2503,-0.2744,-0.2715,0.0392,-27.8208,-0.0555,-4.9902,0.1336,-1.7188,-2.6540,-16.4898,-0.2551,-1.5669,10.8728,-1.2082,12.4161,3.7373,4.1597,-2.7003,-3.6909,0.0763,1.9617,-28.7615,138.3855911003324,151.26028527928483,104.04571566131904,178.5209262239068,15.575968064392896,6.884498609728519,175.00603032632858,162.20718597900432,167.95550864137618,161.01661505134996
-8.2989,-0.8420,0.9405,0.4400,-1.5652,-4.7135,3.5884,13.3772,-0.7322,0.3371,-7.9375,-17.4828,-0.5912,-0.4572,-0.4832,0.0455,25.1750,-0.0481,-4.7011,-0.3352,-0.1912,-3.3084,-16.3723,-0.6906,-2.0407,-5.9632,-1.9363,14.0700,3.7929,15.8974,2.9854,-0.2491,0.0417,1.9616,-6.7959,153.16709125770367,178.50002766334902,143.82577846307558,175.12437921117197,1.3246537225183717,7.770361993321046,174.45160194744244,163.74671669166412,161.9562075299427,163.956503768727
-1.5824,0.2509,17.9064,0.4420,-0.3139,-5.3620,1.9884,17.6893,-0.7794,0.2955,-2.5582,-29.3027,0.6488,-0.4511,-0.4865,-0.0258,16.5917,-0.1145,-4.5217,-0.5508,-0.1943,-3.7864,14.5209,-0.3097,-1.6817,-1.4034,-0.6183,33.8360,3.4845,-21.0320,1.5401,-0.2492,-0.0280,2.1701,-2.5646,129.59581811332936,169.01096893857826,110.14900123060784,154.75810848552112,6.171271614898849,0.7039597565461508,174.59634996352636,166.2003541151619,162.03275574849096,167.7430670598243
-0.5313,-0.3662,0.3346,0.5100,-0.7053,-3.8594,2.4616,12.0571,-0.7046,0.5191,-1.6997,-14.3756,-0.4345,-0.7730,-0.7530,-0.0106,7.2505,-0.2186,-2.3428,0.9220,0.0629,-2.7798,6.2160,0.0432,-0.6712,-0.7795,-0.5486,-13.3322,3.6225,222.4690,1.0760,-0.0290,0.2283,2.0784,-1.6434,168.28867357658262,149.30130936683966,124.9396300804325,139.54117623794238,7.595260610332982,4.398003630238218,168.16798906329063,160.73258542488924,160.58845691261436,169.7632558252693
0.1656,-0.0854,0.7318,0.5006,-1.7311,-5.1392,2.5964,12.6332,-2.0879,0.3406,-0.5704,-55.4877,0.1047,-0.4048,-0.3609,-0.6166,7.8092,-0.3368,-2.8744,-0.0491,-0.1876,-3.9762,7.2932,-0.1453,-0.7989,-0.0494,-0.4598,-20.1908,5.2691,10.7028,1.8729,-0.1188,0.3438,1.1128,-1.0665,114.03890979823343,123.75386569314982,144.64874391270047,129.03598183450217,1.9593751525703833,3.2814424129621402,171.67030053584853,164.46291501587433,168.2214467257899,171.82419183890383
0.4786,-0.5713,1.4905,0.4168,-1.9217,-7.3124,2.8071,17.1844,-0.8031,0.2647,-0.3310,-38.0906,-0.0593,-0.4242,-0.4368,-0.3278,11.4299,-0.3424,-2.7862,-0.1447,-0.2222,-3.6889,13.1156,0.0035,-0.9382,0.2202,-1.1526,7.6401,5.4471,19.5804,4.8126,-0.1967,0.0198,0.5265,-0.6997,120.8830922019716,119.44270581313805,149.58455215986297,120.6222078143413,2.0764092354086756,1.0296787711119955,173.4960976185953,168.8825063860588,168.09335479226348,164.75597661149678
0.7542,0.2353,-33.0766,0.5655,-0.7191,-8.4349,1.8868,11.4878,-0.7181,0.3993,-0.3592,-15.1187,0.1165,-0.1765,-0.1879,0.0708,13.4295,-0.2192,-2.7441,0.2480,-0.0268,-2.8574,178.5873,0.0187,-0.9007,0.3911,-0.9485,7.6483,5.8660,19.3794,11.8412,-0.0018,0.0953,1.6468,-0.5510,137.6350244857638,114.11974453548109,122.7661875151916,118.53420751575024,1.304639301704331,4.654149976317438,171.95723242988146,168.26386717899697,166.5413003231247,165.78980373366372
1.8796,0.4605,3.4227,0.5962,0.0836,-10.6670,2.0274,16.7455,-0.7493,0.3360,-0.3446,41.5794,0.5237,-0.1525,-0.1431,0.0175,16.1359,-0.2588,-3.4375,0.3680,-0.1310,-3.2335,-61.5645,-0.1096,-0.7144,0.8475,0.1008,13.2313,3.9301,-12.6688,-14.0156,-0.0748,0.0334,1.6186,-0.3302,157.13527100164268,99.74334240007653,89.73544476362476,109.20124983827864,8.059500725455138,4.348085826918589,177.8314374249445,171.2268391007953,167.10199334026265,170.32223963407114
2.4388,1.1591,7.9444,0.5855,0.1844,-6.4457,3.8912,58.5808,-0.4184,0.3332,-0.1300,22.6121,1.3946,-0.0848,-0.0834,0.0028,14.6215,-0.1829,-3.3347,0.2274,0.0409,-3.5320,354.7312,-0.1232,-0.8556,1.2346,0.4903,15.5864,5.6659,-9.0690,-7.6484,0.0644,0.0720,0.9341,-0.1885,136.0927239402494,101.62303351943805,85.8422059836628,100.51094567244144,10.20488643815181,0.816449896590774,178.61968419746137,170.20334491579086,172.52295444337796,167.51032470875157
2.7791,1.4199,-121.3127,0.5812,0.5044,-6.7725,3.2754,62.9264,-0.6918,0.3512,0.0854,-159.3143,1.7339,0.0323,-0.0321,-0.1170,12.0818,-0.1372,-2.6716,0.0337,0.0435,-3.0921,-75.7083,-0.0622,-0.8450,1.3768,0.8664,11.8125,5.7106,-9.2262,-4.9902,0.0682,-0.0068,0.6469,-0.0763,146.739799555557,105.42647864805879,69.41985054557598,95.1205653198956,10.91750268437896,1.6671953468548952,174.9088432492472,170.69015741553997,169.7079056189867,166.7617054829078
1.1542,1.6914,0.5156,0.5978,0.6287,-7.1198,2.2706,25.0623,-0.7507,0.4351,0.0190,-28.4259,1.6472,-0.3263,-0.1714,0.0781,11.5337,-0.1477,-2.7144,0.6577,0.0489,-3.2450,-213.4827,-0.2872,-1.0913,0.7255,1.9258,16.3472,5.3953,-10.5236,-6.3214,0.1809,0.0289,0.9462,-0.1328,153.41979777590376,123.34068070057793,63.27015862442438,97.83226970523765,10.383464725060643,2.5533087868401663,173.0299323408111,169.72001283781157,167.4847777447238,168.50437424540033
1.8894,3.2109,2.2403,0.6208,0.9729,-5.1902,1.5293,47.2367,-0.9447,0.5883,0.4170,-11.3970,3.8711,-0.4847,-0.3761,-0.0548,12.7749,-0.2875,-2.4038,8.6610,0.2165,-2.6306,-21.5194,-0.3782,-1.2018,1.1898,3.3357,15.9884,3.6167,-11.2219,-2.5359,0.2107,0.3690,1.0339,0.1483,148.69672482557928,126.32582725384252,50.87972742853929,84.22537023836189,9.568191991917566,3.8733789586225895,170.50966318220364,167.881695652125,159.52977873397347,165.5155432686912
1.6091,2.9058,-1.2622,0.7981,2.3901,-3.7358,1.1411,178.3080,-1.4307,0.9368,0.8072,-107.9385,2.7519,1.2435,1.3348,-0.4937,10.8181,0.0868,-1.4010,-0.1803,0.1052,-3.1573,3.0547,-0.3678,-1.1421,1.5274,1.5659,-18.4087,2.0273,-1.7984,-78.1165,0.1127,-0.3914,3.1550,0.5129,177.26637725354888,149.01351999846577,51.77947899694187,44.720020137325825,34.356924264501444,17.80515256715127,174.18792134625963,164.69289319101716,153.21391910320438,168.123590014812
0.7746,20.0334,-1.9957,0.7683,4.2500,-7.8555,1.2741,-14.8753,-1.5535,0.9827,1.2502,24.5328,-17.4816,0.1793,-0.0236,-0.6815,6.4640,0.6179,-2.2824,0.1172,0.0230,-12.8932,0.8680,-0.1794,-0.7611,1.0873,5.5659,-7.0060,5.4564,-1.0351,0.5757,0.0903,-0.1493,-14.8325,0.9546,163.48558102909624,174.0921507200354,57.25335694797608,2.7111668108060973,52.80694982086104,52.88789469042628,173.54009846456714,176.59130606277725,171.94871232091484,179.1313945114043
1.1262,-5.6358,-0.6468,0.9487,18.1110,-11.6976,1.8897,-28.0165,-0.9854,1.0715,2.6444,11.0099,-2.8721,0.1401,0.0743,-0.1891,6.9834,0.0419,-1.3449,0.0712,0.0809,-4.6760,0.8950,-0.2984,-1.0620,1.6507,241.7136,7.7141,6.0819,-0.4272,0.4931,0.1499,-0.0724,2.2479,2.5716,157.64246740040088,159.64585922679228,70.02674998244885,26.923332810702853,75.0155414874779,50.21667524470476,177.04060179171086,177.15800162399862,175.85260184544936,167.727612578924
1.3526,-3.5257,-0.4625,1.1337,46.6650,-264.1882,1.4156,-27.6723,-2.0575,1.5107,5.1791,62.3404,-2.0015,0.0838,0.0459,-1.1400,8.6918,0.0003,-1.1263,0.1858,0.1324,-7.1124,1.2289,-0.5964,-1.5412,2.0729,-20.7436,4.1603,5.6012,-0.2319,0.4576,0.1922,-0.0570,1.7331,5.1337,152.22406083079647,154.5462722879112,78.17187260704158,28.114308577901284,83.50731853764412,41.20664942171773,174.3559306682954,178.1472654382273,170.7963893322984,166.26744138384612
1.4109,-3.1921,-0.4144,1.2915,58.2508,46.7949,1.4570,-24.0528,-8.0992,1.5123,6.2185,-100.1777,-1.8124,0.0809,0.0594,-3.5419,9.2716,-0.0467,-1.0223,0.2831,0.1665,-4.9210,1.3204,-0.4253,-1.3635,2.1729,-21.7351,3.8887,6.2183,-0.2214,0.4250,0.2616,-0.0074,2.4722,6.3412,150.1289709708121,153.63413637054447,78.49961302341846,28.176865491628067,83.67198406248465,39.51929172331278,173.27219845764165,176.39506988865185,170.29228590517025,166.80280056833624
1.6738,-3.3518,-0.4261,1.3298,29.1587,15.6317,1.4001,-24.0833,-65.8398,1.6036,8.4450,-54.8577,-1.8259,0.0549,0.0338,-9.1614,8.9364,-0.0732,-1.0555,0.2908,0.2480,-5.8415,1.3362,-0.3957,-1.3163,2.6742,-33.7334,3.8604,6.7104,-0.1758,0.4808,0.3079,0.0646,2.7721,6.4660,149.32676508256088,157.9353593100455,81.99447871919591,28.018820219125896,86.41523511455124,39.187981260051494,172.57072199795223,173.96192286254913,170.47973612002818,169.1376435871208
1.7686,-3.5302,-0.4724,1.3401,28.7561,10.0109,1.3796,-21.8639,-13.7064,1.3976,16.5883,-38.0113,-1.8879,0.0978,0.0681,-5.3950,9.0314,-0.1219,-0.9747,0.2875,0.2852,-5.2832,1.4176,-0.3200,-1.1957,3.1577,-61.1111,4.1515,7.4407,-0.1469,0.3624,0.3444,0.1163,2.9432,8.5499,150.09882520428863,157.18658247427905,83.63586959489292,28.529695043648022,87.96250612914238,37.81948811298982,172.1747057145198,171.67683222205915,170.83855118480585,172.1611488110283
2.3013,-4.0666,-0.6413,1.3527,54.0214,7.8139,1.3568,-17.0832,-12.8505,1.4205,115.9533,-33.8451,-2.0754,0.1518,0.1521,-5.9697,10.3167,-0.1153,-0.9660,0.2612,0.2722,-5.4333,1.6336,-0.3040,-1.1592,4.4265,-45.9287,4.1330,7.6376,-0.0869,0.5378,0.3392,0.1206,4.1797,25.7372,153.21286920193955,158.73793965242672,86.09614291217349,29.247207364281586,90.57207385330842,34.82237059617459,172.77118517918632,169.35703579913968,170.8482029827144,173.69129146791533
2.2720,-5.3007,-0.6778,1.3464,16.3055,7.1961,1.3523,-16.0945,-8.7721,1.2665,-42.3661,-17.6193,-2.4411,0.1487,0.1603,-5.0696,11.0856,-0.1129,-0.9409,0.2722,0.2263,-3.5193,1.8204,-0.2983,-1.1574,4.4694,42.8373,4.3107,7.5806,-0.0270,0.6247,0.2955,0.1290,5.4008,-48.7216,154.21358315310607,155.0682899103019,91.96344433964462,29.957240921991897,93.60848320907724,32.336821134459015,171.59708080455223,168.53315419190983,169.23682921975256,174.85107140470936
2.8430,-6.7478,-0.8054,1.3708,8.3553,6.3553,1.3722,-13.2377,-13.4986,1.5038,118.9174,-12.7307,-2.8120,0.1505,0.1374,-9.0687,12.1051,-0.0700,-1.0177,0.3014,0.2931,-5.6098,2.2093,-0.3180,-1.1748,5.4910,31.0745,5.0337,7.5588,0.0072,0.8821,0.4077,0.1249,13.3229,-26.3240,153.59879634573522,158.44559037362353,97.23742147980059,26.52829204791866,95.13494329186256,28.672799432175736,170.78614170857338,166.73792860123524,167.97233195260083,177.70599565275862
3.6816,-25.3821,-1.1229,1.4639,4.6785,6.3449,1.2361,-12.1088,-21.3329,2.0293,-79.1175,-8.6589,-6.6578,0.0999,0.0524,-14.5338,15.5958,-0.0495,-0.9003,0.3129,0.4179,-6.1047,2.6031,-0.3979,-1.2715,8.0958,9.5310,6.4116,6.3303,0.0879,1.6552,0.5238,0.1742,20.8556,-12.7155,159.39282294299923,160.30726747563523,107.09007067976326,25.511080631159576,98.69365133047472,25.735387519389725,169.74341239113454,166.32245808103238,164.43530859220897,179.90837069056076
3.3370,38.6585,-0.9393,1.6610,2.7824,6.8699,1.0764,-11.3896,-284.5376,2.8856,268.5718,-6.1083,-12.5036,0.0808,0.0502,33.1647,17.3252,-0.0484,-0.7993,0.3358,0.4760,-4.1663,2.6362,-0.5990,-1.5218,7.1552,5.2104,8.5355,5.2997,0.1903,1.8837,0.5674,0.2399,-8.2230,-10.4338,155.65868766210855,157.84329843756834,120.54515310487304,26.24771295279376,104.07987250015222,25.790734748365587,167.3991400292135,166.7004288860612,160.017104507895,178.40030621166042
3.3951,14.2789,-0.6786,1.6793,2.1689,7.9452,0.8757,-10.2460,25.3439,3.1777,11.7833,-5.4715,-24.8698,0.0128,0.0074,6.3969,20.9216,-0.0341,-0.7747,0.2543,0.4182,-4.5130,2.8137,-1.0453,-2.3360,5.6012,4.4707,9.9277,6.4072,0.1395,2.3459,0.5226,0.2707,-3.3965,-8.1078,152.94466561943898,156.55668398596856,122.69494311401294,26.59656316922727,100.67871026060874,25.13968465809241,166.9062040730356,167.2519975849585,160.77192743406687,178.57823371250356
4.5850,6.5721,-1.0915,1.7521,1.8817,9.9725,0.8978,-10.4252,6.6889,4.0523,-128.4228,-5.0719,18.2616,0.1010,0.1096,2.9848,20.5840,0.0171,-0.7347,0.3042,0.4814,-4.3446,2.8296,-1.9807,-3.8286,8.9951,2.9252,10.9725,14.0813,0.1111,2.2240,0.5648,0.2618,-2.1776,-8.0326,155.14670836788702,160.59992457057746,124.32842008097599,26.560395719463322,99.1220885999827,24.943177531294236,166.06498280013778,168.79460441073832,164.7842026647736,179.48110891383396
6.2679,6.4391,-1.2709,1.9422,1.7381,11.2059,1.1847,-9.4754,5.8323,3.9092,-25.3912,-5.4604,20.8676,0.1502,0.1312,2.8369,22.6037,0.0285,-0.6682,0.4349,0.6162,-3.1717,2.9601,-2.5447,-4.7339,13.0596,3.0111,11.4933,-15.4579,0.1758,2.3754,0.6740,0.2744,-2.1579,-7.8750,152.82939235467302,163.69834758047833,129.88401300854937,25.90329216914063,102.50296163463508,24.6908288949933,167.08886609357032,168.87602369146975,173.3234255483152,179.87311162244362
7.7394,4.6581,-1.4280,1.8838,1.5668,14.5376,1.7314,-9.5746,5.6665,3.2246,-11.9645,-6.8008,9.2530,0.0256,-0.0354,2.6544,23.8717,0.0424,-0.7001,0.3794,0.5502,-3.2128,3.0297,-2.8380,-5.0647,27.4837,2.5573,11.6317,-5.1101,0.1487,2.7781,0.6175,0.2806,-1.9088,-7.7434,153.61980775735753,165.27907567605268,131.00710117043067,25.62487291789055,100.85748951187549,24.22883616410307,169.23639264842396,170.10244434191586,177.29256093506802,179.02127880588435
13.1303,3.5895,-1.7873,1.8552,1.3737,17.7939,2.6656,-10.0423,6.0199,3.4270,-6.6750,-7.8172,5.1778,0.1285,0.0663,2.8068,23.3596,0.0460,-0.6742,0.4331,0.6044,-3.3342,3.0830,-2.8693,-4.4498,-39.7173,2.3468,11.6419,-3.9197,0.1522,3.2642,0.6385,0.2889,-1.7634,-7.3732,154.87744779207426,167.92106273887092,134.70509662285693,25.694829117207107,101.10273706734404,23.65783032067884,170.25883542336874,171.09670219595833,172.97780744391434,178.30711671569807
13.2831,3.0535,-2.1996,1.8472,1.1133,19.5558,3.3875,-10.5806,5.5574,3.8638,-8.0242,-7.7142,3.8609,0.2159,0.1485,2.6558,19.9225,0.0381,-0.7183,0.4655,0.6220,-5.3268,2.9140,-2.4867,-3.9236,-65.0567,2.1237,11.9478,-4.4785,0.1100,3.5071,0.6628,0.2985,-1.7868,-7.2036,152.59056849249012,167.7914502517705,138.20956886812985,26.843770780040213,99.15263199095546,24.339686988493156,169.740320479364,171.67354823835507,174.79902417797533,178.14296300824424
8.3649,2.2343,-2.7775,1.9424,0.8332,18.4590,1.9799,-10.2835,5.5079,3.3355,-12.3346,-7.5252,2.3057,0.1535,0.0968,2.7505,18.6079,0.0236,-0.6465,0.4822,0.5869,-4.7407,2.4241,-5.0384,-11.7157,41.1780,1.5903,11.7923,-9.5496,0.0173,2.4374,0.7131,0.3485,-2.0661,-8.5302,153.24814805713382,166.4965371268138,141.19075296098384,29.103380978751208,94.06869852827606,27.97121553604286,169.35432303116778,171.34495705537717,178.4084847728114,178.25375857805537
4.5807,1.0572,8.2201,1.8809,0.4312,13.9286,0.6658,-9.0679,5.4838,3.0398,-51.4915,-7.3432,1.0238,0.0269,-0.0947,2.9000,19.1626,0.0789,-0.7378,0.3580,0.4095,-4.1216,1.8587,-3.7301,-6.7877,10.4052,0.9324,11.1392,10.8084,-0.0751,1.1991,0.5444,0.3561,-2.1086,-12.7352,157.6512991864172,163.19526805206903,152.3793273527861,32.77081530341357,88.69030346014509,34.574119654075034,169.257839143729,169.60041567840705,166.95911068276624,178.9766429114663
2.6607,0.7408,10.1766,1.7023,0.1715,10.0436,0.4513,-8.3270,8.0152,2.3908,74.7007,-6.5049,0.6066,0.1252,0.0398,4.6178,23.7284,0.1197,-0.7702,0.4042,0.4290,-3.7213,1.0964,-1.8999,-3.6474,5.7569,0.5245,9.3453,3.0968,-0.3132,1.0683,0.5254,0.3299,-4.3676,-43.8593,158.4889669550432,158.09565420099335,152.877584638384,43.67424742042658,75.02186376420869,49.21606608534196,168.84705619818564,167.46610186908927,153.3642638626267,179.5782460999031
1.6084,0.3797,1.5080,1.6789,-0.1702,8.1442,0.5958,-7.4627,-19.2518,4.8395,10.5840,-8.2551,0.2090,0.1374,0.0997,-17.0871,33.4672,0.0953,-0.7447,0.3311,0.4056,-6.0129,0.5925,-1.4166,-2.7661,3.0004,0.2717,8.0607,2.5302,-0.6837,0.3311,0.4371,0.2867,-38.9504,13.1171,158.53853962034444,152.48889796535394,155.29931105524017,54.99204944480906,57.352501472668145,66.9837369016984,171.3815096657119,165.36776933900347,151.52741909439663,179.9282051179184
1.0867,-0.0658,1.1186,1.7434,-0.5693,9.1929,0.9929,-6.6241,-19.0552,5.0444,7.0750,-15.0027,-0.1743,0.0435,-0.0803,-11.4927,39.8444,0.0783,-0.8603,0.4367,0.3916,-5.7363,0.0087,-1.2520,-2.6289,2.1931,-0.2026,5.6014,2.7998,-1.0308,0.0126,0.5018,0.1576,11.0993,5.1352,160.23590687454853,148.39840577289675,163.784958977296,78.48143773197717,45.56989486786165,98.08575108741353,174.74892759198838,165.20701878657442,156.5314244513687,176.08593793412297
0.9654,-0.5955,-0.1675,1.9598,-0.8728,13.7393,1.0897,-6.8456,-16.9965,9.3465,73.2466,-29.6349,-0.6320,-0.0250,-0.0974,-6.2850,32.0080,0.0341,-0.8774,0.3033,0.3052,-7.1196,-0.6064,-1.0173,-2.1380,2.5240,-0.6490,3.8927,3.3118,-1.4227,-0.2519,0.3865,-0.0013,2.4528,8.4063,171.17982176993883,140.7766817571765,166.21766491240385,114.44825330101972,36.89292653823442,129.54307870746985,176.277877426214,167.52620994371998,161.26569294613216,169.7556971775266
0.3208,-0.7437,0.1704,2.2700,-1.0811,38.0603,1.2735,-9.0671,183.9917,5.1312,-2.2227,-64.0409,-0.8287,-0.1484,-0.1695,-7.3159,26.9165,-0.0071,-0.8908,0.2340,0.3633,-4.8293,-2.4756,-1.0754,-2.1824,14.1038,-0.9732,2.5256,4.1158,-1.9464,-0.6866,0.4687,-0.1840,0.2960,-5.6953,172.41933168570478,97.8257558167752,164.4237483785638,167.96256582931008,29.320647976960903,164.2975292933077,176.97772742621896,172.20130438791642,165.44921524188365,159.9044576381948
-1.5666,-0.5457,0.5444,1.4104,-1.2684,-441.9594,2.0344,-12.0997,20.8605,3.1498,-1.4359,45.6112,-0.6396,-0.5926,-0.7022,-7.5966,35.9627,-0.1416,-0.9898,0.0612,0.3418,-1.9979,-5.6525,-0.9869,-2.5539,-1.4944,-0.8162,1.5832,5.7009,-2.8077,-1.1506,0.3778,-0.4331,-0.2071,-2.5074,160.85308748884063,169.19262081402937,161.35188784753515,168.2892279525067,21.19661872121845,174.6920798125902,179.66318656030586,175.4050597310224,171.30686226560653,147.59262887460818
-1.0079,-0.6254,1.0516,1.1808,-0.9990,-28.1848,2.7416,-68.2683,14.6590,1.6548,-1.6922,139.3832,-0.5654,1.8842,1.7226,-7.8746,-147.1741,-0.3027,-1.0968,-0.2835,0.4653,-1.4093,-10.1303,-0.6080,-2.3259,-1.3707,-0.8364,1.1576,5.5550,-2.8650,-0.2088,0.4297,-1.3288,-0.4232,-3.2524,164.51354079214076,152.3163850639682,154.2122102068549,168.5466429005008,18.85200306542333,175.20159464045514,179.19964037823,178.8072081710941,170.20607545548233,137.14449824851275
-1.9800,-0.5123,1.7700,1.3120,-0.5863,-15.6987,2.9177,-41.1695,7.5360,2.0334,-4.7637,-53.3646,-0.4309,35.6514,19.4889,-9.2316,-28.3936,-0.4311,-0.9311,0.0398,0.3747,-1.3121,11.6250,-0.4360,-1.7117,-2.6602,-0.8069,1.0055,5.3317,-3.9966,0.0359,0.3703,-2.7610,-0.4835,-61.6264,172.9300394602718,154.13383187979744,134.4300164651489,174.15379644833718,12.030692095520354,173.6920129211645,179.05646195657405,177.74664517213776,168.3036324199828,131.51187425807996
-6.6203,-0.2491,2.4381,1.0475,-0.5566,-7.5276,3.0594,-170.8652,11.1491,1.6767,5.3991,-51.2601,-0.2095,4.7929,5.8075,-5.0394,-50.5861,-0.2743,-1.2343,0.3484,0.0863,-1.7828,2.3484,-0.2693,-1.5612,-36.3842,-0.5548,0.8977,4.4500,-5.4600,-0.4270,0.0364,-3.6676,-0.4669,6.2858,162.72831028057936,162.3710527978649,129.48044224944002,165.97386211267138,9.24620677053752,156.59924304286923,179.98511291100374,172.7682265068051,166.2174384049896,124.34749625111998
4.0398,0.1162,1.6701,1.3412,-0.3250,-5.2262,2.4072,60.8957,29.0258,1.6107,1.4985,-22.7049,0.1061,2.1942,2.2063,-4.0865,-204.6140,-0.6261,-1.1186,-0.3087,0.1911,-1.4158,1.2082,-0.2095,-1.5511,2.9665,-0.2260,0.9373,4.1425,-7.8810,-0.8221,0.1911,-19.6553,-0.2511,1.5616,155.94328234362015,161.26968220428475,115.23349133219654,173.01872711655656,6.95148689641038,141.3260185367804,177.75814280766417,168.22702689132183,163.90657017283175,122.31449645284997
0.9957,0.4511,2.6991,1.4057,-0.3256,-4.4742,1.0060,18.4843,-6.1749,1.2957,0.4720,-8.0029,0.5441,0.4664,0.6106,-1.9462,37.7980,1.1909,-1.2518,-0.2815,0.2830,-1.6234,0.3406,-0.7925,-2.0573,0.9290,0.0291,1.3245,2.8217,-12.0660,-1.2731,0.3673,2.9556,-0.0274,0.5128,133.4112078356562,162.2704680886959,112.77433621956604,171.65969819479216,6.253207127829905,111.90398902286509,171.3620122057095,164.3044675169337,153.363326335725,130.3476505145914
-0.2679,0.7874,3.6262,1.1297,-0.1655,-3.4350,1.3767,16.8186,-4.7830,0.9036,-0.3211,-6.2999,0.9678,0.1984,0.1894,-1.6889,33.7389,0.8543,-1.3070,-0.0777,0.2875,-1.8119,-0.2704,-0.8264,-1.9402,-0.1746,0.2759,1.4982,2.9116,-9.3426,2.0059,0.3047,2.3100,0.2280,0.0472,126.53859526650729,162.30156132622758,105.5087630554697,162.16609930227455,7.807209339508696,78.27237444843114,169.28286395818685,160.36588416267605,152.02559036779292,130.04626605310864
-1.4183,0.6868,2.8518,1.1229,-0.4721,-3.0479,0.8417,12.2500,-2.9176,0.8867,-0.7699,-6.6142,0.8851,0.2835,0.2493,-1.1029,26.9845,0.5159,-1.2918,0.0534,0.3347,-1.7720,-0.9036,-0.6794,-1.6560,-0.7339,0.2478,1.9283,3.2168,-12.1579,-4.5130,0.3442,1.4425,0.6307,-0.4038,113.21619747014834,147.1767043159703,119.97449420140464,159.89073622104996,6.824376884753568,52.56724444289222,169.2802291176441,157.16881017692268,154.13388091432486,134.42434413123658
2.3680,0.4427,1.8094,1.1533,-0.7221,-2.9278,1.1628,13.0332,-3.6523,0.9703,-9.4055,-6.1665,2.0286,0.0311,0.1162,-1.2445,26.7942,0.1274,-1.4424,0.4203,0.3195,-1.7166,-1.5393,-0.5064,-2.0175,5.9610,-0.6256,2.3869,3.8034,-3.5209,-1.5119,0.3955,0.9652,0.9097,-1.1118,80.40618039314747,115.13654520440849,141.69018028514785,171.04065261206068,17.992674001764126,37.39739629547812,168.65139808045313,156.75493781198318,156.05792049851917,138.41102511782935
-1.7398,-1.0316,0.6857,1.1694,-1.1562,-2.9925,1.9115,13.1471,-1.6710,1.1133,-1.8134,-8.3761,-1.1677,-0.1988,-0.0751,-0.6114,15.3774,0.0455,-1.3434,1.0821,0.2768,-1.6878,-2.3742,-0.2919,-1.3543,-1.3705,-3.2386,3.3570,3.8423,-7.0696,1.2684,0.3322,0.9552,1.1148,-1.7429,179.71778499314283,179.9569318315436,147.19375224394273,172.99454940064223,11.771894435006475,27.190193238935276,169.47110474062262,157.1724047056443,158.60351546180965,144.9339047413702
0.8077,-0.6571,1.5511,1.1351,-1.2375,-3.4466,4.0147,14.6495,-1.6485,1.0856,-16.8765,-15.1867,-0.4847,-0.2870,-0.1912,-0.4040,12.7249,0.0294,-1.4419,1.2865,0.3388,-1.8402,-4.1188,-0.1200,-0.8219,282.1970,-2.4299,7.1004,3.7614,-12.6563,-10.7838,0.3721,0.7538,1.2401,-2.9190,154.80000093484608,110.01585292430339,145.57715976202482,174.73578566087772,9.011075800188387,17.551644354274494,171.73925679965322,159.91533193782206,161.3445774559082,155.8037319187645
-33.5243,1.0555,-23.8845,1.1311,-1.1535,-3.5091,4.0413,14.3013,-1.6122,1.0347,79.3169,97.9093,0.5760,-0.1965,-0.0842,-0.2060,11.4078,-0.0089,-1.5286,1.8428,0.3841,-1.8015,-10.9762,-0.0347,-0.6744,-13.5943,-0.1511,35.4661,4.5937,-20.1992,2.8876,0.4648,0.5697,2.2048,-3.9456,100.98318342253373,167.48653408917698,141.91060773996165,170.98357321787293,7.8439340186610185,9.205439726481123,175.57546252745414,160.09414274240098,168.3040808773056,162.47889068364694
