#,.\video\smash\front_position_serve.wmv,1080,1440,423,108,5
X,X,X,X,X,X,X,X,X,X,X,X,X,X,X,X,X,X,X,X,X,X,X,X,X,X,X,X,X,X,X,X,X,X,X,X,X,X,X,X,X,X,X,X
X,X,X,X,X,X,X,X,X,X,X,X,X,X,X,X,X,X,X,X,X,X,X,X,X,X,X,X,X,X,X,X,X,X,X,X,X,X,X,X,X,X,X,X
X,X,X,X,X,X,X,X,X,X,X,X,X,X,X,X,X,X,X,X,X,X,X,X,X,X,X,X,X,X,X,X,X,X,X,X,X,X,X,X,X,X,X,X
X,X,X,X,X,X,X,X,X,X,X,X,X,X,X,X,X,X,X,X,X,X,X,X,X,X,X,X,X,X,X,X,X,X,X,X,X,X,X,X,X,X,X,X
X,X,X,X,X,X,X,X,X,X,X,X,X,X,X,X,X,X,X,X,X,X,X,X,X,X,X,X,X,X,X,X,X,X,X,X,X,X,X,X,X,X,X,X
X,X,X,X,X,X,X,X,X,X,X,X,X,X,X,X,X,X,X,X,X,X,X,X,X,X,X,X,X,X,X,X,X,X,X,X,X,X,X,X,X,X,X,X
X,X,X,X,X,X,X,X,X,X,X,X,X,X,X,X,X,X,X,X,X,X,X,X,X,X,X,X,X,X,X,X,X,X,X,X,X,X,X,X,X,X,X,X
X,X,X,X,X,X,X,X,X,X,X,X,X,X,X,X,X,X,X,X,X,X,X,X,X,X,X,X,X,X,X,X,X,X,X,X,X,X,X,X,X,X,X,X
X,X,X,X,X,X,X,X,X,X,X,X,X,X,X,X,X,X,X,X,X,X,X,X,X,X,X,X,X,X,X,X,X,X,X,X,X,X,X,X,X,X,X,X
X,X,X,X,X,X,X,X,X,X,X,X,X,X,X,X,X,X,X,X,X,X,X,X,X,X,X,X,X,X,X,X,X,X,X,X,X,X,X,X,X,X,X,X
X,X,X,X,X,X,X,X,X,X,X,X,X,X,X,X,X,X,X,X,X,X,X,X,X,X,X,X,X,X,X,X,X,X,X,X,X,X,X,X,X,X,X,X
X,X,X,X,X,X,X,X,X,X,X,X,X,X,X,X,X,X,X,X,X,X,X,X,X,X,X,X,X,X,X,X,X,X,X,X,X,X,X,X,X,X,X,X
X,X,X,X,X,X,X,X,X,X,X,X,X,X,X,X,X,X,X,X,X,X,X,X,X,X,X,X,X,X,X,X,X,X,X,X,X,X,X,X,X,X,X,X
X,X,X,X,X,X,X,X,X,X,X,X,X,X,X,X,X,X,X,X,X,X,X,X,X,X,X,X,X,X,X,X,X,X,X,X,X,X,X,X,X,X,X,X
X,X,X,X,X,X,X,X,X,X,X,X,X,X,X,X,X,X,X,X,X,X,X,X,X,X,X,X,X,X,X,X,X,X,X,X,X,X,X,X,X,X,X,X
X,X,X,X,X,X,X,X,X,X,X,X,X,X,X,X,X,X,X,X,X,X,X,X,X,X,X,X,X,X,X,X,X,X,X,X,X,X,X,X,X,X,X,X
X,X,X,X,X,X,X,X,X,X,X,X,X,X,X,X,X,X,X,X,X,X,X,X,X,X,X,X,X,X,X,X,X,X,X,X,X,X,X,X,X,X,X,X
X,X,X,X,X,X,X,X,X,X,X,X,X,X,X,X,X,X,X,X,X,X,X,X,X,X,X,X,X,X,X,X,X,X,X,X,X,X,X,X,X,X,X,X
X,X,X,X,X,X,X,X,X,X,X,X,X,X,X,X,X,X,X,X,X,X,X,X,X,X,X,X,X,X,X,X,X,X,X,X,X,X,X,X,X,X,X,X
X,X,X,X,X,X,X,X,X,X,X,X,X,X,X,X,X,X,X,X,X,X,X,X,X,X,X,X,X,X,X,X,X,X,X,X,X,X,X,X,X,X,X,X
X,X,X,X,X,X,X,X,X,X,X,X,X,X,X,X,X,X,X,X,X,X,X,X,X,X,X,X,X,X,X,X,X,X,X,X,X,X,X,X,X,X,X,X
X,X,X,X,X,X,X,X,X,X,X,X,X,X,X,X,X,X,X,X,X,X,X,X,X,X,X,X,X,X,X,X,X,X,X,X,X,X,X,X,X,X,X,X
X,X,X,X,X,X,X,X,X,X,X,X,X,X,X,X,X,X,X,X,X,X,X,X,X,X,X,X,X,X,X,X,X,X,X,X,X,X,X,X,X,X,X,X
X,X,X,X,X,X,X,X,X,X,X,X,X,X,X,X,X,X,X,X,X,X,X,X,X,X,X,X,X,X,X,X,X,X,X,X,X,X,X,X,X,X,X,X
3.4174,-7.9666,-0.1197,0.1514,14.7145,858.9928,2.2309,3.7870,-3.0189,0.1436,7.3384,-7.5809,-2.8984,-0.6433,-0.6052,-1.6475,5.6898,0.1842,-5.1838,3.7734,-0.5257,-5.2220,54.8672,-0.1937,-0.9246,6.3517,4.4095,1.8010,21.3626,2.7886,0.8898,-0.5619,0.1860,0.2214,8.2025,157.0769826509284,170.64007571714487,164.15991823265068,174.0933120277564,9.759781502547185,13.74778212670365,162.51735361384152,165.2747718837386,169.80539044439192,151.02608321298536
10.2503,-4.3508,-0.0549,0.1130,-34.5970,-69.3499,1.9650,4.1897,-2.6179,0.0759,9.2611,-6.4296,-2.2484,-0.7849,-0.6840,-1.1893,5.7638,0.0472,-5.1383,1.0468,-0.7091,-4.6652,-53.5621,-0.2983,-1.0260,23.3882,9.2858,2.6991,11.3929,4.0784,-0.1404,-0.7267,0.1357,0.2058,29.6459,157.6778234803468,176.3599105384431,164.567589023906,176.99848049093436,3.934128812116239,14.493767108777831,161.31688207782523,165.74968877354587,166.14329272664585,158.8444109203105
10.8289,-3.9212,-0.0919,0.1279,-29.6421,-78.3926,2.1417,4.1767,-3.0365,0.0882,9.6177,-6.2350,-2.1039,-0.7662,-0.6912,-1.3077,5.7284,0.0278,-5.0468,0.4382,-0.7904,-4.2263,-77.1589,-0.3115,-1.0687,24.7678,10.9461,2.6983,11.0486,3.9074,-0.3333,-0.8649,0.1328,0.2226,24.5067,156.50993708444375,177.0606257739861,163.7123666534811,176.92080094709988,4.453092394435588,14.206952670387091,160.9858721851863,165.80473202196188,165.71654107038958,158.93450909133097
59.0060,-2.2133,-0.6019,0.3112,-3.3114,-11.1491,1.4313,5.0584,-1.6876,0.2136,-35.0585,-7.5695,-1.8034,-0.6110,-0.6456,-0.6878,6.6257,0.0115,-6.2978,-0.0892,-1.0195,-4.0551,-10.9339,-0.5061,-1.3613,-27.9317,6.6759,4.5658,11.6283,6.7221,-3.3134,-1.6670,0.1352,0.9556,-6.8277,167.7945872593888,170.6967061679558,154.73488795058762,176.8932775049494,0.12123656978441938,16.408242241533593,163.89151887947315,163.69209103221834,167.5590821351619,162.52095080307961
-8.9238,-2.7821,-0.7727,-2.7346,-3.0457,12.1919,-1.9192,54.7194,1.1797,-1.2592,-3.6210,28.2133,-1.8920,-0.0703,-0.1771,0.4852,11.6478,-0.1965,28.4258,-0.0006,-0.0194,1.2598,4.3937,1.1921,2.5491,-5.2232,-3.9476,-6.8711,-9.2545,-0.7162,4.1433,-0.0135,0.0383,-1.5820,-2.3130,170.31884005220058,163.01286291436907,36.213735348655746,36.203022319862725,59.29763121275337,11.775054699568322,177.12295698155995,176.357982259153,171.80284111879686,167.03050847626466
6.1252,-2.9264,-0.5630,-9.9594,-3.2864,9.5229,-3.4188,-62.7394,1.3026,-1.8944,-10.6436,7.6828,-2.0356,-0.3283,-0.2988,0.5007,13.0726,-0.2226,-29.9533,-0.1575,-0.1732,1.2531,0.7242,0.5287,1.3748,-19.0065,-5.1838,-4.8335,-8.1570,-0.8919,0.7253,-0.1937,-0.0899,-1.0747,-2.9924,170.76092483551503,152.2492285558777,31.346705177377626,72.56742330479474,52.64514013550111,55.00209237646022,176.9583577246683,173.0921514433764,165.59470265990777,162.31644117267157
16.3323,-2.6893,-1.6465,-1.9818,-4.4964,15.2673,-1.8797,77.3721,2.8746,-1.4666,-2.9162,4.7293,-2.1656,-0.3484,-0.3193,1.2370,9.9878,-0.3638,5.5248,-0.0932,-0.5840,1.2115,5.5358,0.3644,1.3430,-9.4172,-3.1615,-1.4240,-7.5287,-1.2827,5.5770,-0.6212,0.0486,-0.5600,-1.9190,167.75237516548512,148.9723831887325,25.40258727293807,37.763573606605036,43.658727563072006,9.499225243725876,173.7783898233886,176.9929818312507,160.49486536330974,141.17434642204955
0.7412,28.5090,-34.4822,-2.9004,6.0322,-19.2648,-2.0130,-28.0481,2.0212,-1.4132,1.8022,3.2887,-6.8385,-0.5792,-0.5783,0.7340,28.6719,-0.0828,2.9012,-0.3156,-0.1475,0.7474,-25.4402,0.5472,1.6602,1.2615,21.8569,-2.6115,23.3098,-0.1935,-7.7037,-0.2114,0.2070,-0.8404,-51.4076,162.26786800530246,125.43062083225006,88.460902365643,178.86338582423525,81.04577484224227,0.20910836157088533,165.08463418531574,179.07046063727176,165.54362374186178,162.0186964687729
-2.8954,3.4254,-5.7240,-2.2371,6.3273,11.8898,-0.7284,-26.1056,1.8655,-1.0669,-46.3987,3.3000,5.3313,-0.4339,-0.4487,0.5452,28.7148,0.1067,2.9774,-0.3364,-0.1420,0.9486,-626.5477,0.9400,2.1901,-4.4588,2.6899,-3.3619,-3.5627,0.5932,2.1967,-0.1341,0.3070,-0.9099,-52.9077,178.35746227149738,162.0290777138894,129.6564761922634,179.00863682053142,122.66990320249243,2.1022475573819297,165.1360028019783,172.99871720940843,147.46261975789776,158.62716790490362
5.5880,-1.3140,-0.1440,-4.1336,-3.4581,30.4089,-0.9348,11.5992,1.8121,-2.5355,-24.5481,-42.5017,-2.1570,-1.2068,-1.2004,0.6097,13.0055,0.0365,0.7932,-0.5645,0.3494,0.1582,-22.4506,3.6959,6.4324,20.2231,-0.9843,-5.4955,-1.8378,-1.1998,-2.3865,1.0124,-0.2272,-1.2392,-11.6754,171.255681560507,164.95861356167265,156.3174522905227,177.65495332208948,44.20784761869606,7.477861800021682,174.2553107162387,176.95603744357692,152.79540171907442,167.80334656602372
1.9874,-0.1249,-2.0708,1697.5241,0.6473,10.1148,2.1922,6.4923,15.1271,-2.5698,1.3648,-6.9264,-0.6969,-1.0948,-0.9960,5.6854,3.1577,-0.2265,5.8562,-0.2852,0.4246,0.5626,-3.2481,-1.6350,-3.8294,2.0796,1.4784,-139.5580,-7.0271,2.9186,-0.9133,0.3152,-0.9510,-3.3744,33.1021,112.21285046401131,155.01961494648373,141.82926225046174,161.15725413003665,1.3409645919936792,154.13125133691486,154.21236611000822,176.88982523622104,179.88384852506607,173.94327081037082
-0.6479,1.0745,3.0420,0.6510,3.8612,4.0929,1.9192,5.7638,6.9659,-3.4061,-2.0624,-8.2686,-0.1777,-0.4810,-0.5511,3.7251,3.5664,-0.3344,-3.3405,-0.3510,-0.2822,1.0859,-27.7145,-1.0661,-2.3772,-0.8585,1.5964,12.7555,-9.6153,5.6028,1.3645,-0.3264,-0.6571,-2.1693,-2.0780,94.44144446215934,148.63671607826365,175.59982124546173,156.3676578940764,5.543323580632874,11.90909284391714,157.44105235791423,176.11278855766653,179.04166077590585,170.75282702604946
-0.8997,-0.6770,6.7670,0.4910,-5.8920,6.4016,1.5565,6.9442,6.5930,4.4245,-3.3210,-6.4289,-1.1100,-0.1956,-0.1442,5.1470,3.5837,-0.2506,-2.5961,-0.2889,-0.3157,2.5622,-238.8811,-1.1891,-2.9520,-1.1825,-6.9713,3.3045,-42.9817,4.8727,0.8077,-0.2776,-0.2639,-10.9925,-2.3118,147.6175719212,155.37084865964576,158.76981841097043,156.84813779922823,3.9937459303963943,8.43441723605089,155.5672908182275,179.31606214427907,172.4913863631663,172.0418649053664
-1.6346,5.9738,6.2032,1.0814,1.0956,7.2812,1.8071,26.4511,6.6940,-1.4378,7.6763,-7.0066,19.4455,0.1610,0.1126,6.3219,4.2366,-0.1562,-2.3654,0.1071,-0.0461,3.0892,4.2126,-1.3220,-3.2834,-3.2507,5.0290,6.4656,-20.2854,7.9248,-0.0690,0.0439,-0.0815,7.5867,-8.9155,140.55636335246308,154.94250275566287,35.19562965881447,160.2462711767362,6.088936569885484,11.18888943238113,158.59663988832767,174.3449861619096,174.6996553774888,179.02808010879306
-0.9067,5.7692,6.8419,1.2330,-13.5951,20.9608,1.3771,-1235.0186,10.7018,-1.5364,345.9054,-5.9088,8.8613,0.0669,0.1228,3.8866,6.0657,-0.1348,-2.4253,-0.0166,0.0411,2.6457,1.8501,-1.3879,-2.9616,-1.7362,5.0919,15.7057,-7.7021,-33.2639,0.3398,0.0695,-0.1990,-4.5851,10.0016,169.35452424497643,126.49000596005698,2.48494132090459,157.31789735388378,11.083627531341735,28.438201659964342,161.03268255743183,177.2222087106559,177.79201323393573,179.08822656027777
1.0908,-21.6979,-8.1467,1.2242,-20.2047,16.2413,4.7063,-26.9378,11.3919,-2.2561,0.2388,-23.4725,-7.3805,-0.0969,-0.0860,3.4572,7.0600,-0.1004,-2.5946,0.0435,-0.0272,2.7972,1.7756,-5.8931,-20.0438,-1.4289,-255.8887,-31.4657,436.5521,-7.9163,0.7041,-0.0461,-0.2164,-2.9209,0.0060,175.1172859556076,47.140833280700065,4.366128316751685,119.73474224776078,15.261476658988173,31.514409574760162,169.4986113417252,174.35068356571472,177.42925586006513,174.6563890368899
2.3775,-4.3230,-12.9736,1.2422,-4.0190,12.9583,5.8368,-30.4268,4.3721,-1.2860,-2.5493,18.9030,-3.2739,0.0609,-0.0677,1.9003,6.7512,-0.1416,-2.0461,0.0851,0.1876,4.1092,1.5361,20.2414,11.4294,6.1446,-2.9105,-22.3491,15.6251,-4.6092,0.9368,0.2097,-0.0918,-1.6095,-7.2667,176.98763019925877,149.35240417228522,1.7316961159732607,40.8998735832305,20.66638472818647,34.94674135207037,174.60277664265442,173.70478904571803,179.36629416182666,173.02520984508277
8.0287,-17.2855,-36.1377,1.2974,-8.1912,6.7306,3.6289,-65.0941,1.7655,-1.1190,-3.4005,219.3491,-1.8210,0.1473,0.0869,0.7488,8.0823,-0.1465,-2.1732,0.1396,0.3241,3.9719,1.5888,23.2418,8.9047,-29.8983,1.3689,-26.1187,21.0970,-4.4142,0.8654,0.3061,-0.0665,-1.2930,-2.3629,158.1867839165774,149.9618768767653,5.804177535959847,55.12478297099756,19.817722238283597,33.06655789884395,173.20800855278776,170.66901624846446,177.5474168789407,169.35654523960295
9.4710,-8.4661,-2.7099,2.4531,-4.0224,7.7856,3.3925,-527.9757,2.0690,-0.7649,-4.4713,-23.3855,-4.1591,0.0472,0.0496,0.9416,6.8363,-0.1446,-3.2867,0.1388,0.1139,3.0413,1.4429,8.2476,5.8631,-21.8334,-12.7736,-17.6548,66.2752,-2.8240,1.1454,0.1948,-0.0834,-1.4055,-3.9670,179.55808772097043,159.82427990343723,5.538467186129895,48.87201243963467,27.82168815824717,34.832076934155744,169.2293888297,172.57231154847818,176.68698945573902,169.43895373228963
10.7623,-5.0242,-1.1474,17.1555,-3.5095,6.3716,17.3928,66.9983,1.0001,-0.9502,-3.5794,-13.4179,-3.0011,-0.0386,-0.0511,0.4320,7.8315,-0.1280,-6.0823,0.0405,0.0716,1.9268,1.9681,4.4769,5.6591,-9.2034,-9.9034,-12.6041,-23.0834,-2.0528,1.0068,0.1550,-0.1110,-2.2890,-3.2065,177.4759182516751,157.37079757857234,10.067722187530464,44.25655180685196,33.24878913636423,26.08071610695119,168.46107511674776,171.93554731555818,178.2183529654405,166.5441342454914
9.7541,-5.5310,-1.5807,-6.0174,-3.2220,8.3783,-4.9811,31.8665,1.0631,-1.3673,-4.0543,-13.4424,-3.2006,-0.2485,-0.2605,0.3543,9.5795,-0.0908,-8.0936,0.0130,-0.0207,1.2282,2.3515,3.2454,6.0614,-10.6956,-7.8327,-8.0062,-5.8369,-1.7070,1.0783,-0.0864,-0.1982,-1.5106,-3.7743,179.89148639594057,159.30690274955995,13.120267530025352,37.87761386531884,36.322464943608644,21.24067780262853,169.78599097001117,174.99105333439667,174.53273842988347,166.07412668271965
7.4096,-3.2999,-0.9546,-2.5190,-3.7152,21.8842,-3.4380,43.2749,0.9947,-1.5872,-5.1479,14.8800,-1.9671,-0.3408,-0.4145,0.3446,13.7105,-0.1093,20.9966,-0.1272,-0.1350,0.9457,0.8016,1.0685,2.2186,-19.0717,-4.3839,-7.6967,-6.6185,-1.1031,2.6264,-0.1316,-0.0666,-1.4355,-4.7794,168.1181771742186,160.49628519785364,27.127513640840167,63.102158951937014,46.36398483527471,49.96092257448597,179.67315121393378,178.70744138218706,167.56333305445693,169.98096307250572
8.9616,-16.0730,-0.9688,-1.6621,-8.3500,9.4130,-2.7270,-3885.2849,0.9993,-0.8925,-10.5424,8.2475,-3.2083,-0.1711,-0.1736,0.3614,16.4389,-0.0400,23.5920,-0.0189,0.0255,1.0655,-0.3249,0.3064,1.3351,-24.1229,-7.7168,-4.8555,-7.0997,1.1180,0.8636,0.0191,0.1610,-1.2559,-4.8774,169.5173584149521,162.0462598727157,131.36033029581873,119.5840205526884,141.67064985769343,108.01218551046529,176.5677637557609,173.92110035269954,165.0692159241072,162.29846555636402
-0.8480,-9.9907,0.1032,-1.7576,-34.3813,10.2957,-2.1288,-674.1867,1.0931,-1.0066,13.8513,6.8629,-6.4978,-0.0180,-0.0613,0.4089,43.1467,-0.1007,8.7567,0.0680,0.1135,1.4321,8.9662,0.6599,1.7724,-3.9750,24.4840,-5.5239,-5.0357,5.3252,6.6680,0.1101,0.3858,-1.3303,-0.0724,172.9168805456526,36.15992001038227,167.69851626365957,87.7748037650332,170.69221918537667,6.448850301963999,173.03739110086363,174.36740730825431,160.47787734562132,164.19111556580398
1.7565,4.6092,5.4702,-2.4376,11.4288,6.0737,-1.9281,-25.1129,1.0297,-1.6687,-2336.8143,4.3067,3.7266,-0.0935,-0.2705,0.3425,-43.7842,-0.4228,5.3487,0.0708,-0.0782,1.5936,-7.8390,0.6218,1.7886,8.1210,4.3717,-4.2227,-3.3294,53.8201,-5.4813,-13.2392,0.2025,-1.3803,9.1971,169.97968555894732,156.55147523279553,176.06389072711582,166.52476497243515,177.62717626409267,4.989487319043834,165.61945028824465,168.3701472890741,150.2098130800617,157.32746266693874
5.6265,0.1344,-0.9595,-1.8080,3.3112,6.2198,0.6570,-49.4905,0.8891,-1.4486,-68.0918,5.4511,-0.8301,-0.5873,-0.5154,0.1940,-60.9310,-0.1024,2.7696,-0.1685,0.4073,1.1303,-8.4820,26.8214,-6.6669,12.0851,2.1516,-4.0282,-0.6356,-12.9780,-1.6916,1.4957,0.0618,-1.6595,11.6757,67.10844764413795,174.81734527646813,158.7892215564794,168.38076083367113,3.46588088830589,5.566359510914547,168.66441112857302,169.7087522350736,112.04267896324194,156.9244690067128
-0.3275,3.6483,-0.5384,-8.5671,4.8062,37.8718,3.5509,9.3334,3.8361,-2.6161,0.9743,-5.1815,1.9006,-0.6553,-0.6517,1.8143,6.0891,-0.0673,1.8123,-0.2042,0.2839,0.6084,-2.0531,-10.3373,94.9672,-0.0163,37.3034,-8.5346,-5.5721,-9.5590,-44.0615,0.2882,-0.5196,-1.0577,0.9851,164.00277926797006,117.29496414740058,162.27430876743495,108.6019972337844,15.298434591865954,147.91517563158789,159.75020053447727,175.3970537077275,179.25070349585994,171.80455348957145
-5.8189,2.6020,-21.6927,0.9863,2.6198,6.3056,2.1673,8.8017,-23.0076,-3.1264,5.1419,-110.4890,0.7845,-0.5012,-0.5093,35.7888,4.0596,-0.3151,-5.3652,-0.4673,-0.3304,1.0321,7.3714,-1.5939,-4.4276,-99.6582,4.7456,33.2365,70.7636,10.3299,0.2382,-0.3184,-0.9433,-1.4861,-4.0937,149.00617823752748,176.02395799580546,164.63743413587886,158.54721243371708,8.308697118740634,1.2437070880825492,165.64338646296798,177.47044024233386,178.67182405402906,172.71193532663014
1.5466,-1.2253,6.4706,1.0731,0.4989,5.1744,1.6570,6.5272,6.7355,-2.8247,-0.6417,-48.1859,-2.4453,-0.2254,-0.2446,4.3185,4.0566,-0.2464,-3.2531,-0.2607,-0.2074,1.8490,-10.1008,-1.4940,-4.6643,0.6469,0.3785,11.8320,16.8364,15.7947,4.7474,-0.1393,-0.5274,-2.9828,-0.7263,85.72774652672052,86.89254345645216,120.13723271538265,131.64675860527237,10.225390531003773,14.364308946801584,164.96302286200336,177.77231070810407,175.41201040475352,173.8929672434472
-1.0066,4.3850,1.5789,0.9479,16.4617,8.1189,1.5821,8.8281,-17.1451,-1.4157,-2.0496,-37.2899,3.3405,-0.0128,-0.0329,-76.0688,5.0984,-0.2542,-2.7926,-0.0525,-0.1572,3.1205,-33.9730,-1.4206,-3.8757,-1.0873,2.8652,6.2783,14.6627,5.5074,0.5440,-0.1918,-0.3130,-4.9717,-2.4035,166.81094214666336,157.77887537440046,173.1850566128619,159.09603887886036,0.805866443976595,8.148640850672994,167.36678339330754,179.44086485650976,174.56232713219626,177.97182143381275
-1.0241,-6.3639,12.0563,0.8354,-10.0144,23.4957,1.1455,-120.6494,-6.6379,-0.9236,-4.6713,-8.8642,-6.1477,0.1517,0.0958,-4.5845,6.3273,-0.0200,-2.6447,0.1667,0.0349,2.8414,3.6778,-1.4691,-3.0165,-1.3892,-3.7664,54.2114,4.7789,109.4782,0.4398,0.0713,-0.2548,16.4150,-4.3040,176.46350260693794,148.76191651698824,6.22579310087264,151.70868713937767,8.457721891695213,15.686052136752632,164.58244491772228,177.08801851212684,161.74477703390113,178.61967769284743
-0.9037,-5.9925,-9.6796,1.4324,-10.2234,54.4047,2.5889,-31.8693,-6.9848,-1.0828,2.5336,-9.5460,-3.5169,0.1001,0.0960,-7.6294,8.1698,-0.0521,-3.2083,0.0069,-0.0144,2.5810,2.1683,-5.9234,-12.9770,-3.5668,-0.5608,20.3735,14.6706,-16.6332,0.1782,0.0284,-0.1002,-5.6298,9.9950,169.7139836989693,126.38922426988947,2.146093135188258,160.95475672604837,10.418939868757574,26.555940733416957,167.04130012473652,177.14973510846139,170.1202609982775,178.24300086965727
2.5205,57.0289,-8.7553,1.3581,-11.3915,18.7472,2.9512,-28.2653,4.2210,-1.1530,-1.8698,-15.7358,-8.8225,-0.0098,-0.0018,1.8967,7.6117,-0.1180,-2.9236,-0.0174,0.0601,2.7112,2.0613,-4.3719,-15.3824,44.6812,3.6728,26.4233,35.4309,-5.2417,1.4782,0.0534,-0.0518,-3.0622,-4.1616,178.55014000136606,144.84779808244025,5.7841761590907295,39.390710476813254,18.285434055671036,27.90552093771667,168.87935387882374,174.92043982246548,174.7470944559786,179.11400969568086
7.6624,-6.8008,-9.6321,1.7643,-12.6742,12.2436,3.5048,-22.4377,2.4737,-0.9582,-2.3712,-14.0959,-4.5950,0.0282,0.0297,1.2076,8.2049,-0.1009,-3.3838,-0.0140,-0.0581,2.6546,2.6816,-5.9207,-19.9353,-14.1470,-5.3112,-32.1336,57.1798,-5.8363,3.2069,-0.0422,-0.1154,-2.0096,-3.9609,172.2336642375598,158.39517712251444,5.211446516119994,34.62034812620498,16.671590586039155,23.002894019922955,168.99326640643415,172.7788540787143,174.94016809193582,173.54824299726806
4.0742,-7.6627,-12.5481,1.1359,-4.9966,29.6691,3.2454,-12.2469,1.9691,-1.7094,-13.6645,-15.0407,-5.0739,-0.0629,-0.0793,0.9157,10.3368,-0.0516,-2.3146,0.0939,0.1087,3.0023,1.9813,-7.9341,-45.9908,8.5787,-6.4602,-11.9724,-27.7503,-5.0846,2.1636,0.1307,-0.0529,-1.7081,-6.3406,179.8319316794414,157.2469533222985,0.19111857910374971,35.74299447699859,16.652103727834128,31.448587382509118,170.67053187966806,173.40152767562716,178.26001935723713,173.29499585175526
5.8391,-6.0174,-8.6283,2.0035,-4.1064,30.6678,-166.8916,-20.9160,2.0359,-1.4058,-6.1196,-22.2913,-3.9635,0.0292,-0.0021,0.9821,8.8808,-0.0083,-3.0829,-0.0563,0.0178,2.4284,1.5878,3.4923,4.7587,-555.3046,-5.1624,-12.2130,-11.3389,-4.0354,2.2649,0.0207,-0.0644,-1.7454,-3.2739,179.52596919647317,153.29680056486683,0.23140971151431536,49.18809729472246,20.342428165908384,34.940238369325805,171.006781963664,175.39514878432246,177.5286103528016,173.4514515827096
42.1817,-13.4385,-16.3636,3.5918,-2.9720,15.9247,-28.5899,-398.5638,1.3311,-1.2656,-3.5035,-15.0648,-5.1548,-0.0303,-0.0519,0.5708,8.8750,-0.0973,-2.5151,-0.0320,0.0793,2.5746,2.4038,2.9969,4.3523,-7.0721,-12.9655,-8.7648,-10.8969,-2.2640,2.6624,0.0934,-0.0873,-1.8258,-3.0661,172.38192808911182,160.5781555331726,5.234458401567076,40.65187546917208,30.260079585709484,22.73184079217411,169.77350787484787,176.26305049795533,178.55441254805297,169.89789405649984
-20.3698,-5.0905,-2.1910,-3.3663,-3.1572,12.0222,-6.7502,38.2918,1.0901,-1.0759,-2.9290,-10.1699,-3.5717,-0.1395,-0.2042,0.4493,11.0619,-0.0581,-6.8728,0.0284,-0.0222,1.4029,4.0937,2.4312,4.0151,-4.8283,-6.2303,-7.0627,-6.4628,-1.4359,2.4298,-0.0225,-0.0939,-1.9282,-2.7944,178.06608633308133,163.12035396064704,17.279751090503055,33.41747138449512,40.02016561663441,12.231352069964142,169.218690006595,176.7410679682678,176.82010873574643,167.18620252191542
-17.7211,-4.0034,-0.7152,-2.2573,-5.3745,10.7524,-2.3548,29.7601,0.9974,-1.3523,-2.4758,28.5736,-2.0007,-0.2316,-0.2656,0.3320,18.0512,-0.1146,-154.4951,0.0268,0.0810,1.2273,3.2486,0.8988,1.8284,-4.2925,-6.8917,-7.0561,-4.3432,-1.4344,1.7716,0.0646,0.1366,-1.5951,-2.8058,163.98360831192,163.61334516545557,24.342768520735298,36.72616546622085,38.0537779297302,15.185212998116615,178.8335518127037,176.61118394592125,165.029443134886,166.62030251809327
1.0674,-5.0761,-1.8157,-2.2240,-6.2226,7.0096,-3.4411,-398.8147,0.7934,-1.2769,3.5356,12.7258,-2.1553,0.0854,-0.0209,0.1943,74.4805,-0.1060,-38.2724,0.1508,0.1067,1.9687,15.8219,0.5499,1.6128,1.6703,-9.4923,-6.4185,-6.2489,-0.8374,-8.4388,0.0416,0.1580,-1.7430,2.8503,164.2395492005702,156.20113931154447,40.92849190758931,164.28368839839098,50.82732682326059,3.7601521670970537,176.27612083919854,171.73725372910644,166.41498598918108,163.02539228125138
-0.6842,-618.2069,-2.0107,-1.8726,-41.7242,33.0026,-3.1142,-26.4794,0.8354,-0.6600,4.5429,20.8047,-61.4467,0.2560,0.2808,0.2590,59.4793,-0.1213,-12.4427,0.3053,0.2189,1.9974,-19.4843,0.4874,1.5494,5.6104,7.8304,-12.4538,-6.5057,-11.9931,1.2577,0.2253,0.2556,-1.9313,5.0440,179.55942592703863,113.16649004579446,176.606572273595,165.8482912052782,174.2704345603791,0.7752744186901822,178.2113319996309,176.10167398973888,168.5094681659033,173.6736173342724
6.6888,11.6933,1.7620,-1.2147,139.7211,8.1747,-0.7662,-41.5460,0.9212,-1.0110,9.7137,4.8007,-19.0925,0.1058,0.0223,0.4318,-72.3669,-0.5713,3.1232,0.2847,-0.0264,1.5493,-1.5661,1.1828,2.4039,5.4996,127.0026,-4.2291,-2.9563,-16.2995,1.0573,-0.0162,0.0156,-1.2056,6.1924,176.59171475509604,179.32964908980995,176.07915912756192,138.26733478033168,177.28091433323385,148.81949530987836,167.44177929152013,171.64694204218844,149.54482639812917,159.72208524977694
4.4562,-36.4587,4.2188,-0.3894,9.9415,7.2239,-1.1766,-31.4453,0.9474,-0.5085,13.0835,5.1352,-10.7321,-0.0854,-0.0569,0.3652,-31.7146,-0.2452,2.6141,-0.2801,2.1087,1.5555,-5.5027,0.8696,1.9645,8.8320,-8.7302,-4.0520,-3.1966,-19.5484,0.0525,2.2342,0.0807,-1.0799,6.8327,168.9326836898432,175.6783133524488,171.32763674604408,161.37359120774488,178.8775857991351,171.52151188900942,167.17437672271828,170.2971527680865,151.60917243452684,158.2556079864401
1.7635,2.0907,-0.7451,-1.1213,9.4120,37.6810,-0.2518,33.1043,1.5334,-1.1476,4.0317,96.8075,1.0838,-0.4651,-0.4954,0.6789,23.8081,-1.4779,1.6795,-0.6197,-0.2046,0.9149,-42.5077,3.1311,16.0300,4.3922,-20.9404,-3.6384,-1.6359,-4.8869,4.9069,-0.0068,-0.0007,-1.4896,9.2772,143.36741527095177,156.59662528889638,162.37044836059488,172.5001088323135,13.969936067580615,3.077881525837497,178.18667976571408,179.78995089702443,147.97131806837018,163.11164891263888
46.1037,0.2264,-2.3218,-18.4661,0.8081,154.0831,3.6987,12.4974,80.4241,-1.9686,-2.0376,-16.9460,-0.1868,-0.3576,-0.3890,9.2684,3.4711,-0.1538,6.3271,-0.3898,-0.0131,0.7029,-1.9046,-4.2428,-11.8665,-12.1116,1.1371,-5.9923,12.9774,4.8105,0.7370,-0.0318,-0.7417,0.2994,-2.6333,130.4741196048959,157.96323709639466,140.6864268011153,173.09316326697288,4.328009470569185,147.72410221337336,160.55156034557098,175.79698342170548,172.21650172051488,170.15392368912794
-1.9132,2.0965,1.2176,0.8054,2.9681,7.8927,2.0797,8.7921,3.7115,-41.0777,-4.4829,255.8503,1.4682,-0.5997,-0.5613,2.6999,4.0998,-0.2711,-4.1350,-0.3827,-0.3109,1.3754,-376.7156,-1.4983,-4.3273,-2.1980,1.8853,5.9196,13.7186,5.4025,0.1101,-0.2894,-0.4567,-2.5297,-3.8323,164.36000353886286,167.02907195656712,171.86712251261358,165.52728394989774,3.2208833171299354,6.640952043151074,166.51632320129934,179.26797808516224,176.05480572889067,177.63238696495307
-0.9533,2.1725,-20.0736,0.8181,-2.4497,13.0833,1.6566,8.3688,5.5150,-10.6886,-2.3159,-59.1668,7.6647,-0.0080,-0.0181,2.9056,4.3959,-0.2565,-2.3188,-0.1546,-0.1953,2.9080,56.3710,-1.3477,-3.3210,-1.1386,-1.0287,8.0237,12.4063,4.0191,0.6596,-0.1963,-0.3243,-3.7008,-2.9417,29.639320020776882,152.4039436590604,143.82187607064301,160.2090164861873,1.1562265754933474,5.7977226571688885,166.21585880985614,177.55678643392844,174.42339101892625,177.26665035829353
-0.6360,13.7015,-1.1626,0.8825,-389.6691,46.2330,1.2703,47.5676,-12.8305,-1.7407,-3.3755,-10.1173,2.5954,0.0461,0.0127,-18.3638,5.5187,-0.0653,-2.1229,0.0547,0.0802,3.4018,2.8929,-1.8699,-4.2063,-0.9784,-29.9364,43.8285,5.7059,-28.7379,0.6420,-0.0252,-0.2814,-6.6963,-1.7809,158.78160113961442,151.77103792167935,178.15410668128558,131.61595474698146,12.263605970325331,17.86437277598437,164.08453580177022,179.96524619974105,164.41461334872253,179.932043402988
-0.3599,-0.0365,-4.5151,1.0706,2.1379,65.1109,1.7122,-32.1392,157.8443,-1.3186,-2.2792,-6.8793,-0.5674,-0.0234,-0.0320,9.6795,7.9159,0.0500,-3.6113,-0.0153,-0.0841,2.8705,2.0713,-3.9301,-7.1027,-0.7396,1.8556,26.9477,13.6273,-6.0273,1.5312,-0.0356,-0.1959,-4.0163,-1.3276,85.49593205275764,146.78407304105278,145.51221626758667,117.24005484612562,16.620177502432806,27.553354336741744,164.5292844911391,177.337932238687,167.5322367452841,178.75469337176463
-0.0979,-0.3495,-3.2065,1.6895,0.3593,10.0963,8.8979,-15.8056,16.2455,-1.5063,-1.4735,-10.9656,-0.7051,0.0293,-0.0143,3.9502,8.3895,0.0140,-2.4643,-0.0075,0.0202,2.6910,2.1436,8.0803,8.2344,-0.4125,0.9987,22.3247,-7.2199,-3.3527,2.3427,0.0167,-0.1306,-2.7336,-1.0255,125.04991026538066,139.87047545682543,93.15468562058255,110.71323841729938,23.405623535209497,28.629115380543777,167.99194404715678,170.72330027540838,177.32503923618896,176.90825797494267
-0.1342,-0.5751,-2.9339,2.2485,-0.0245,6.8571,7.0561,-21.3987,2.3864,-1.8486,-1.7732,-14.2434,-0.7936,-0.0885,-0.1217,0.8228,8.5142,-0.0167,-2.2664,0.1080,0.0856,2.3747,2.3721,27.5791,16.2642,-0.5077,0.3640,11.1695,-31.9565,-4.4275,2.1810,0.0482,-0.0499,-2.3986,-1.5295,142.96868001069882,130.81922708768047,75.86790887161477,123.96359585672715,19.42595924752985,25.534314699973255,169.28524584353707,169.02725094756272,177.77630852059653,176.8188677163149
-0.4273,-1.3950,-9.5880,2.8966,-0.9516,7.9726,4.3416,-24.8822,1.7604,-1.6440,-5.5954,-14.0945,-1.5177,0.0002,-0.0067,0.9216,8.3879,-0.0731,-2.4133,0.0512,0.1025,2.5427,2.3593,13.0357,8.6722,-1.0847,-0.4129,-21.8771,1812.3924,-5.9344,1.1765,0.1212,-0.0329,-2.0889,-2.2417,166.9609547000293,137.18027701605564,36.85538062962437,132.9886325896968,16.363664604715932,25.27158646227489,169.1430115141362,170.54930995726704,175.91007051042425,170.2335806062971
-0.7118,-3.0092,18.7518,1.8835,-2.2476,12.6211,5.6791,-22.7661,1.8183,-1.6154,14.8338,-12.5121,-2.6503,0.0343,-0.0106,0.8858,8.4335,-0.1135,-2.5614,0.0061,0.0626,2.6461,2.2174,6.1383,6.0141,-1.5706,-1.6046,-24.9079,142.0368,-3.8583,0.4069,0.0808,-0.1390,-1.9550,-9.7121,176.68756490317085,131.32236711441772,9.454870448801447,149.84669893604695,21.292423121358873,26.789698550782838,168.6682228146154,172.9546694246967,175.0271161362301,173.17069458359222
1.0119,-2.4740,-9.1942,1.6954,-2.3987,10.8178,6.5900,-22.2880,1.8743,-1.7420,4.5600,-13.9611,-2.2442,-0.0216,-0.0471,0.8757,8.2674,-0.0921,-2.7503,-0.0857,-0.0123,2.6947,1.9679,4.7100,5.1242,1.6996,-1.7032,-28.8776,-697.0449,-3.6873,0.9499,-0.0207,-0.1167,-2.1056,4.7659,178.61359437017052,147.18868870191892,7.456938771643123,15.088050890141409,22.070610495126484,29.507083653471057,169.0062240216046,172.14959426422223,175.98523778057478,172.7352735521967
1.6583,-3.9623,-2.2290,2.3320,-3.4907,11.5021,20.8054,-36.7247,1.5132,-1.2406,-3.4903,-14.5586,-2.8592,-0.1008,-0.1057,0.6939,8.9644,-0.0332,-2.5514,-0.0305,0.0385,2.3917,1.2775,3.9176,5.0461,4.0794,-5.5754,-10.0279,-12.1841,-2.6630,1.3290,0.0779,-0.1443,-2.0742,-4.2407,176.70825021070104,135.63982177385336,4.596638608844456,51.32265207393172,26.94749337061178,39.61390320640614,169.70546198706552,173.4713920371901,179.23739328155358,169.33631622125398
-13.3417,-4.9149,-2.4210,-3.1500,-10.5122,10.5033,-3.0718,41.6916,1.0320,-1.2974,-3.4744,-2877.2682,-2.7978,-0.2741,-0.2450,0.3027,11.4368,-0.0776,66.9692,-0.0962,-0.0099,1.3582,1.9143,2.7105,5.2768,-5.7583,-5.5536,-6.3157,-4.3331,-3.1397,1.6318,0.0253,-0.2779,-1.4259,-2.0157,165.76611212721997,157.89979557995335,12.232643785588031,53.969058172197165,22.663760103851992,26.208360822697813,174.98300678746403,175.93539277064417,167.02474689302662,165.56416281070085
-7.5237,-3.3512,-1.4708,-1.8230,-6.1112,15.0441,-2.6875,44.1211,1.0707,-1.2476,-3.1939,13.4926,-2.1753,0.0246,-0.0198,0.3780,16.0670,-0.0946,98.1918,0.0908,0.0727,1.4346,3.8086,0.4836,1.3457,-4.8506,-4.4624,-7.0530,-7.1867,-2.2803,4.8492,0.0262,0.0688,-1.8853,-2.5472,164.6051477233135,166.13674794376644,14.385919653394659,36.146052567807146,27.24057824152058,13.413371955464454,179.32275006610075,177.49545077809162,167.83970954554414,168.12720137553922
-3.2766,-3.6767,-3.1727,-2.6850,-3.5974,8.4687,-3.7191,-83.9418,0.8859,-1.3120,-1.8266,31.1576,-2.4839,0.1204,0.1057,0.2549,32.3327,-0.1394,51.6558,0.1095,-0.0601,1.8881,7.5697,0.4112,1.3689,-2.7830,-3.8457,-8.0661,-8.8567,-1.6055,5.8760,-0.0153,0.1547,-2.2888,-2.4206,173.60524921092434,174.5255793793048,16.381907831278507,29.97208985969426,33.68818675993425,8.208065439918986,179.93323453490902,172.58302365717142,171.71983061042482,166.19835041031823
14.2144,15.7930,0.3859,-0.4419,-20.0077,17.7984,-3.0079,145.6928,0.9596,-0.6778,30.1281,226.8685,-16.0593,0.3356,0.2375,0.2930,88.2210,-0.2087,5.5887,0.3287,-0.1611,1.9070,-0.0714,0.5040,1.5287,6.3212,7.1431,-11.4350,-6.5332,11.2830,-8.3615,-0.1712,-0.0478,-1.9919,-22.0028,179.29814872397296,173.3735778463128,172.0738584655249,96.68383090089861,175.5845940587663,93.68834612509022,179.60311959900258,177.1774815324856,171.04507985254648,171.78638896269345
43.2706,7.2805,0.1267,-0.9805,-286.6354,10.3616,-1.2002,-77.6664,0.9356,-0.9467,11.3795,6.3563,6.8181,-0.0698,-0.2108,0.3293,-51.9783,-0.3335,2.0689,0.1855,13.1210,1.3086,-232.7322,1.0774,2.4780,13.6048,41.8109,-6.6786,-3.5411,-94.9294,-4.4357,6.7636,0.0451,-1.8785,148.8817,171.45615978372544,179.0609441522865,179.59634999114633,179.36897879222363,179.50137299158877,179.5085099254815,169.95714818135667,173.7497727781701,155.28987503297336,165.97173462497713
2.9702,7.9542,-0.1028,-0.3143,-22.4950,8.1618,0.4583,-122.4119,0.9008,-0.4399,-2.8870,5.5667,4.7198,0.0816,0.0130,0.1782,-58.1790,0.4122,1.7192,-0.0944,0.4891,1.2197,12.5705,3.6537,40.5728,5.2420,-23.7574,-4.4097,-1.2167,151.9845,1.0931,0.5246,2.0738,-2.9514,-0.4640,165.49219316524002,96.28396796137037,177.0776567119036,110.34275757522919,178.6382988125174,174.9835721806,168.83125320978243,172.54676303768284,130.39853703507782,160.23777483469715
5.3865,1.0766,-1.1034,-2.4651,1.6790,111.7457,-2.6519,15.1833,8.1903,-1.8460,5.9156,-9.5832,0.8069,-0.5866,-0.6589,0.9703,11.3986,-0.1841,2.6911,-0.0894,0.8227,1.1505,-1.8400,1.4481,3.4872,3.9614,1.6271,-5.0028,-7.8592,-9.1754,-13.5272,0.8945,-0.5358,-1.2789,1.4819,159.67759760407492,156.50522669905396,143.00196098539692,117.46448457711122,11.233666392576136,147.70821502114464,169.02907996817507,176.74454733097875,178.70584971711557,168.18357352691424
-1.0007,592.0327,4.6198,1.3494,-3.3335,11.7008,4.5966,10.4760,4.4958,-1.6337,1.2008,22.9400,-38.5215,-0.5015,-0.5678,2.6675,3.8450,-0.2697,-23.1342,-0.6430,-0.4379,1.3713,1.8081,-4.8495,-14.7212,1.8856,-1.2657,-6.2670,10.8355,6.2450,-0.1159,-0.4130,-0.9774,-1.1275,8.4047,164.7886875309744,128.23601225681713,25.79583462787718,157.83930146064526,5.480982383010772,23.493222304218012,167.9175923479077,179.4321405165474,177.22320612199857,166.04905652463924
1.5050,0.1096,5.7962,0.9485,1.7398,6.0762,1.2863,8.4466,3.6482,-2.1049,-0.3921,60.5860,-0.9519,-0.2707,-0.3252,2.6957,4.3918,-0.2151,-5.8656,-0.2629,-0.1241,1.5580,-7.9110,-1.2818,-3.5220,0.7693,1.4339,3.1583,6.9864,8.1875,16.9584,-0.1085,-0.4390,-23.0107,-1.1346,76.30005770582562,74.99443100229219,157.07381555359171,145.81244391770505,5.86387886216799,13.956208145603647,168.1182676124921,177.40603735202873,172.79993975759956,171.77690552499615
-1.4980,-9.2476,-24.1691,1.0788,-5.2083,10.4249,1.5093,11.9365,7.6511,-2.4659,-4.1504,256.9705,-7.7693,-0.0752,-0.1911,3.2792,4.7420,-0.2126,-2.1961,0.0006,-0.0037,2.8586,35.7961,-1.4792,-4.2198,-1.9363,-4.9364,9.0159,7.9554,13.1958,-0.0228,-0.0204,-0.2674,-2.8210,-4.7630,176.4657888754767,158.13247187838476,15.202232103811758,166.54278666110451,7.574543763206753,3.1886732183806368,168.31472527435264,179.30956523359592,173.058393807541,179.15019622008685
-1.6966,-3.6793,-44.7946,1.1737,-3.4071,-301.0520,1.9498,83.9427,7.1590,-0.9571,-36.3392,-377.3926,-3.7412,0.1852,0.0935,4.0207,5.8815,-0.0276,-2.2394,0.0742,0.2192,4.0176,2.3479,-1.4397,-2.9716,-3.3190,-1.8681,-48.0466,5.9832,-22.3539,0.3733,0.1241,-0.1984,-7.3744,-53.9272,178.6075162137459,150.54617713215393,13.79596640732749,155.86832585563843,12.210850915592834,22.386803809583693,170.1987411078386,179.12715591752138,170.3597915326151,178.99798553234422
-1.1101,-1.8110,-10.8329,1.2641,-2.3062,26.0897,1.0122,-24.8389,7.8546,-0.9696,1.8859,-9.6176,-1.9408,0.1923,0.0989,3.0193,9.7407,-0.0756,-3.3696,-0.0273,0.0614,3.1649,1.7335,-3.5148,-8.9996,28.4091,4.6208,-74.4743,6.1908,-67.7526,0.4425,0.0758,-0.0963,-4.0263,2.1207,3.8181531677051055,112.74053303140073,157.40346502096844,175.26699596525927,6.707161103550538,32.284845397101385,168.20237967082792,175.49951674007562,164.8881970674962,177.0356816621022
3.5953,-17.3540,-29.2172,1.5125,-3.1008,12.2381,12.7253,-17.2328,6.6287,-1.3774,-1.7576,-10.8506,-6.1161,0.0570,0.0424,2.1742,7.8689,-0.0230,-2.3749,-0.0226,0.0688,2.7127,1.8866,45.8307,29.2794,-20.8342,-12.5846,74.3237,-4.9822,-4.5750,1.5756,0.0806,-0.1039,-2.8108,-2.4635,171.41167950828873,142.3630613877987,5.544549414733882,50.01955110723297,19.572123155819472,31.247150482262153,167.4919282803354,172.00754428124324,173.91630128318363,176.09947386146004
3.7627,-10.6714,-3.8404,1.6682,-3.4483,6.9129,-36.0875,-27.7389,4.9467,-1.3043,-3.7253,-12.7440,-4.0632,-0.1005,-0.0706,1.8390,8.3923,-0.0532,-2.1445,-0.0084,0.1967,2.9421,1.5439,4.5641,6.3663,23.1555,-187.5717,10.5206,-8.6974,-4.2187,1.6102,0.2469,-0.0849,-2.8528,-2.2540,177.65428306157932,141.19254717696685,2.8368984050912456,56.85639907440443,20.130225314198075,34.9966940574997,168.71818120664867,169.70425067328648,177.9278271102439,177.19861312609586
3.7896,-20.0028,84.9226,1.2713,-6.0462,10.1716,4.8663,-22.4117,1.8748,-1.0933,-3.4500,-16.1175,-6.4528,-0.0652,-0.0108,0.9116,8.9405,-0.0495,-2.5061,-0.0149,-0.1170,2.9974,1.5059,9.4785,7.7847,-68.3873,-14.4404,20.8134,-50.9927,-5.8371,1.6382,-0.0961,-0.0391,-1.8653,-1.7928,179.41783185535715,136.06580664836324,0.3301156284786881,62.73859288281507,16.103465243965978,36.14146786288513,170.06765588802054,171.83031620488163,177.5731295572048,177.13584042801835
4.3245,-7.7216,36.2142,1.9286,-4.3284,13.2673,6.7874,-31.4923,1.8317,-1.3073,-4.2342,-14.0496,-4.0554,-0.1242,-0.1244,0.8287,8.0286,-0.0597,-2.5330,-0.0438,0.0195,2.3760,1.4090,5.8398,6.0422,72.4802,-5.5395,-11.3660,264.9918,-3.5029,1.3888,0.0140,-0.0478,-1.2186,-2.9207,179.1571521179529,148.0794028869368,2.9237815606029502,54.26483813445316,23.03273034756473,37.18313634001796,168.82888315314983,173.87084949058826,175.71255077612875,170.66153945385204
10.4989,-5.1558,-5.7345,2.6281,-3.6610,21.1858,-38.4117,-43.7081,1.7281,-1.2672,-3.7049,-19.9851,-3.5008,0.0217,-0.0224,0.7617,8.9660,-0.0960,-3.1990,0.0120,0.0571,2.3919,1.5009,3.2014,4.4256,-11.3753,-5.0059,-7.1576,-53.0217,-2.3330,1.4239,0.0554,-0.0836,-1.2482,-1.7383,179.33580603606208,144.64772490392235,7.923587051513893,63.58585221055455,29.565394763245553,34.985113935757845,170.7714101753251,175.98691465370206,178.2159476230526,169.34410523440135
15.5731,-4.0085,-3.7058,-11.7441,-3.0516,22.5224,-6.1346,-42.4522,1.4766,-0.9992,-3.0011,326.9093,-3.0096,-0.0625,-0.0725,0.5557,13.2171,-0.0601,-7.6580,0.0252,0.0780,1.5198,1.5964,2.6667,4.5037,-7.2948,-4.0906,-6.4129,-8.5313,-1.9877,1.5321,-0.0371,-0.0908,-1.5707,-2.0928,179.7634519373023,150.78659683866618,8.56258985517151,57.601995273149036,31.032882427764786,33.41209865909062,175.84853659956076,176.1083242830614,173.13928002743182,168.5946639756547
17.0231,-3.2549,-1.3987,-2.0205,-4.5410,29.7052,-1.8679,-25.5291,1.3283,-1.1171,-4.0511,9.8074,-1.9209,-0.1601,-0.1990,0.5021,16.4616,-0.2004,-13.7773,-0.0060,-0.0209,1.5477,1.2156,0.7616,1.8449,-12.7717,-4.4646,-12.2403,-7.5646,-0.8282,5.1512,-0.0376,0.0613,-1.5474,-3.3473,164.91848305229405,160.00445650149618,37.95030014225155,56.07481023804948,53.84577140856586,41.684350906439114,177.6543047533591,175.82872860561304,166.64746742813648,173.40137163749822
6.3861,-4.7002,-0.4596,-2.1061,-7.6318,20.0580,-3.0399,-34.1677,1.0867,-0.9189,-20.0406,12.3907,-3.1910,-0.1614,-0.1225,0.4758,22.2906,-0.1945,-9.2281,0.0373,0.0571,2.0230,-2.0716,0.3991,1.4193,45.8650,-16.6153,-6.8496,-7.7258,0.3573,1.1012,0.0244,0.0077,-1.2644,-11.6447,170.06510727797715,166.19197919612844,102.19480558377691,159.140694441761,112.22842407871335,155.90883951807086,177.95459153908186,175.46942973601398,168.0107977874159,168.83970657289976
-4.1744,4.0397,-2.2172,-2.9127,-13.1800,43.4289,-3.0021,53.6954,2.0412,-1.4303,1.0702,125.2340,2.8876,-0.1184,-0.1353,0.9615,28.3552,-0.1760,-26.5355,0.3753,0.5831,2.6218,-5.6120,0.4127,1.4337,7.4423,2.6288,-2.9748,-21.8629,4.8049,-4.6759,0.5296,0.2621,-0.4421,-19.3183,156.5595844609615,169.49156201462955,163.90447769497143,172.859829433596,170.26313062289205,168.82965760415433,178.43769463625236,179.74785946900207,176.92363489157225,160.1007116802062
-2.7937,43.8938,0.6526,-1.7333,-41.2289,11.9392,-1.0816,162.8263,1.8708,-1.5535,10.4695,6.8452,-104.8939,0.0112,-0.0678,0.8453,-196.8632,-0.7334,3.6837,0.2056,0.8727,1.9902,8.1228,0.7472,1.5004,-11.1484,16.4832,-3.1064,-5.3252,3.0772,-0.9618,0.8506,0.0413,-0.5404,-9.4213,179.15678199004643,166.36432832842274,160.607940207602,13.077189102401652,161.70632654208285,6.666500958297723,171.3975585061124,175.5640809348993,161.05304053927188,157.36782688581508
7.3632,8.5675,14.1039,-1.5957,23.3309,6.4920,-0.8744,-75.9988,2.2033,-1.4058,5.3072,3.8882,17.2700,-0.1825,-0.4767,0.8007,-49.6464,-0.3958,4.1951,-0.3625,0.7924,2.4345,-7.9400,0.7326,1.6731,5.3835,7.9397,-3.3881,-4.0820,30.7764,5.8587,1.8301,0.2929,-0.8591,10.8321,179.14034347827857,177.54040518837712,179.40673544335917,167.54719124171845,176.98505568443505,173.57554005164988,164.42275657551073,170.48932028469818,151.8114079558881,154.7992951869589
2.3872,0.4487,-4.0824,-2.4203,1.0795,11.2735,0.2096,10.6636,1.6019,-2.1372,-3.5781,20.1383,0.0342,-1.1144,-1.0641,0.5556,13.0731,0.2249,0.7358,-0.4943,4.4050,0.3432,-11.0040,7.1457,-45.6801,10.8664,1.7464,-4.2743,-1.2650,-52.8045,-0.4086,12.9891,3.2108,-1.8511,12.5218,134.7658658659643,161.83707691497372,136.10554424812693,170.2414399566823,5.459122159786136,10.549910258931684,178.46858380173413,179.7117271626856,138.83044602762817,161.7629715532854
-0.9145,-1.4115,3.2249,6.0327,-1.3525,10.0064,2.4559,5.8770,18.4290,-2.3708,-0.1478,-39.2382,-2.0031,-1.0319,-1.0237,4.4697,2.7347,-0.1903,2.2396,-0.8647,-0.7244,0.3059,-1.6386,-8.1992,41.3013,-0.4097,-0.5480,-6.5484,-7.0427,4.3512,-0.8067,-0.7980,-1.1685,-1.6873,-0.0522,170.05081227004948,140.54359848476955,49.42190713990675,55.61883141663814,7.143063914637975,138.9480966629705,158.45394783374616,176.05030986122307,173.3784413689143,165.6105250797129
-1.6400,1.6002,1.9702,0.7399,2.1386,6.0406,1.9498,6.7094,10.8105,-2.5105,-4.1732,-55.5381,-10.8388,-0.7987,-0.7706,4.7481,3.2033,-0.3014,-7.1784,-0.5391,-0.5305,0.8537,58.0027,-3.0700,-12.3060,-2.1398,1.7452,-35.8912,-50.7039,3.9413,0.1660,-0.5049,-0.5747,-2.2268,-3.0136,149.66848920123644,166.98419688269604,169.17675219494683,160.65493419057248,3.100199063708402,7.4894539551734995,161.63127109248234,179.07737189209539,179.90167697412392,169.00424104398644
0.0262,-3.3843,1.3662,0.7105,6.3255,9.2065,1.8975,14.9212,18.9678,-0.7410,-1.4301,77.7381,-3.2337,0.0818,0.1032,14.1245,4.4325,-0.1137,-3.0075,-0.1113,-0.1547,2.3452,-11.9874,-3.9351,-31.9419,-0.4226,-16.9484,20.4140,88.9407,6.2328,2.8436,-0.0348,-0.1764,-14.5581,-1.0173,153.83241046139113,133.00549120003785,179.86858170412748,140.2602462841634,3.59854143966694,8.602790663117295,168.02349798603484,177.63507474826574,179.9071796042948,176.60538274048676
-1.1936,-8.3320,4.9883,2.1677,-1.6501,9.0193,1.6389,439.1299,4.8049,-0.7117,-2.6676,-70.9829,-10.8607,0.1131,0.1345,2.5078,4.7370,-0.1495,-2.8297,0.0621,0.0373,2.3029,-26.0597,-2.5114,-8.3801,-1.4379,-0.7643,17.0582,33.3893,16.7815,0.2962,0.1121,-0.1553,-2.8255,-2.2367,154.04389726224733,164.13256393193836,34.62697466430653,158.10907518365696,8.510036798096428,2.32803576067213,167.27264095623374,173.80370808785813,177.477396293609,177.02823726345778
-2.8134,-10.1583,6.3257,5.1913,-2.4411,8.3118,1.7811,-257.5262,4.9150,-0.8836,9.2900,-25.8083,-11.6536,0.0127,-0.0258,2.0943,5.4072,-0.1007,-2.7557,0.0427,0.1844,2.7768,3.8900,-2.6956,-7.1125,-7.0309,-1.3885,26.6050,40.9423,-24.0301,0.2903,0.1513,-0.0860,-3.7198,9.1081,162.62770686598574,154.16680886827345,19.8938921789775,171.84874281598843,12.860739951434025,14.639282894487305,167.3032827628313,172.9171990216228,176.3819124116875,175.29224502085958
